
/***************************************************************************
 *   This library is free software; you can redistribute it and/or modify  *
 *   it under the terms of the GNU Lesser General Public License version   *
 *   2.1 as published by the Free Software Foundation.                     *
 *                                                                         *
 *   This library is distributed in the hope that it will be useful, but   *
 *   WITHOUT ANY WARRANTY; without even the implied warranty of            *
 *   MERCHANTABILITY or FITNESS FOR A PARTICULAR PURPOSE.  See the GNU     *
 *   Lesser General Public License for more details.                       *
 *                                                                         *
 *   You should have received a copy of the GNU Lesser General Public      *
 *   License along with this library; if not, write to the Free Software   *
 *   Foundation, Inc., 51 Franklin Street, Fifth Floor, Boston, MA         *
 *   02110-1301  USA                                                       *
 *                                                                         *
 *   Alternatively, this file is available under the Mozilla Public        *
 *   License Version 1.1.  You may obtain a copy of the License at         *
 *   http://www.mozilla.org/MPL/                                           *
 ***************************************************************************/

/*
  THIS FILE IS NOT A PART OF THE TAGLIB API

  Generated data, one table per single byte code page. Each table maps all 256
  byte values to a Unicode code point, so decoding and encoding never has to ask
  whether a byte is defined: a byte the code page leaves undefined is mapped to
  the C1 control of the same value in 0x80-0x9f (which is what the Windows ANSI
  pages do) and to U+FFFD anywhere else.

  Generated by taglib/toolkit/charsettables-generator.py, which asks iconv(1) for
  each page in a single conversion of its 256 bytes. The few pages that iconv(1)
  gets wrong or does not know are written out in the generator instead, each
  transcribed from the vendor's own table for the page.
 */


#include "charset.h"

namespace TagLib {
  namespace Charset {
    namespace detail {

      // 37 IBM EBCDIC US-Canada
      constexpr unsigned short EBCDIC037Table[256] = {
        0x0000, 0x0001, 0x0002, 0x0003, 0x009C, 0x0009, 0x0086, 0x007F, 0x0097, 0x008D, 0x008E, 0x000B, 0x000C, 0x000D, 0x000E, 0x000F,
        0x0010, 0x0011, 0x0012, 0x0013, 0x009D, 0x0085, 0x0008, 0x0087, 0x0018, 0x0019, 0x0092, 0x008F, 0x001C, 0x001D, 0x001E, 0x001F,
        0x0080, 0x0081, 0x0082, 0x0083, 0x0084, 0x000A, 0x0017, 0x001B, 0x0088, 0x0089, 0x008A, 0x008B, 0x008C, 0x0005, 0x0006, 0x0007,
        0x0090, 0x0091, 0x0016, 0x0093, 0x0094, 0x0095, 0x0096, 0x0004, 0x0098, 0x0099, 0x009A, 0x009B, 0x0014, 0x0015, 0x009E, 0x001A,
        0x0020, 0x00A0, 0x00E2, 0x00E4, 0x00E0, 0x00E1, 0x00E3, 0x00E5, 0x00E7, 0x00F1, 0x00A2, 0x002E, 0x003C, 0x0028, 0x002B, 0x007C,
        0x0026, 0x00E9, 0x00EA, 0x00EB, 0x00E8, 0x00ED, 0x00EE, 0x00EF, 0x00EC, 0x00DF, 0x0021, 0x0024, 0x002A, 0x0029, 0x003B, 0x00AC,
        0x002D, 0x002F, 0x00C2, 0x00C4, 0x00C0, 0x00C1, 0x00C3, 0x00C5, 0x00C7, 0x00D1, 0x00A6, 0x002C, 0x0025, 0x005F, 0x003E, 0x003F,
        0x00F8, 0x00C9, 0x00CA, 0x00CB, 0x00C8, 0x00CD, 0x00CE, 0x00CF, 0x00CC, 0x0060, 0x003A, 0x0023, 0x0040, 0x0027, 0x003D, 0x0022,
        0x00D8, 0x0061, 0x0062, 0x0063, 0x0064, 0x0065, 0x0066, 0x0067, 0x0068, 0x0069, 0x00AB, 0x00BB, 0x00F0, 0x00FD, 0x00FE, 0x00B1,
        0x00B0, 0x006A, 0x006B, 0x006C, 0x006D, 0x006E, 0x006F, 0x0070, 0x0071, 0x0072, 0x00AA, 0x00BA, 0x00E6, 0x00B8, 0x00C6, 0x00A4,
        0x00B5, 0x007E, 0x0073, 0x0074, 0x0075, 0x0076, 0x0077, 0x0078, 0x0079, 0x007A, 0x00A1, 0x00BF, 0x00D0, 0x00DD, 0x00DE, 0x00AE,
        0x005E, 0x00A3, 0x00A5, 0x00B7, 0x00A9, 0x00A7, 0x00B6, 0x00BC, 0x00BD, 0x00BE, 0x005B, 0x005D, 0x00AF, 0x00A8, 0x00B4, 0x00D7,
        0x007B, 0x0041, 0x0042, 0x0043, 0x0044, 0x0045, 0x0046, 0x0047, 0x0048, 0x0049, 0x00AD, 0x00F4, 0x00F6, 0x00F2, 0x00F3, 0x00F5,
        0x007D, 0x004A, 0x004B, 0x004C, 0x004D, 0x004E, 0x004F, 0x0050, 0x0051, 0x0052, 0x00B9, 0x00FB, 0x00FC, 0x00F9, 0x00FA, 0x00FF,
        0x005C, 0x00F7, 0x0053, 0x0054, 0x0055, 0x0056, 0x0057, 0x0058, 0x0059, 0x005A, 0x00B2, 0x00D4, 0x00D6, 0x00D2, 0x00D3, 0x00D5,
        0x0030, 0x0031, 0x0032, 0x0033, 0x0034, 0x0035, 0x0036, 0x0037, 0x0038, 0x0039, 0x00B3, 0x00DB, 0x00DC, 0x00D9, 0x00DA, 0x009F,
      };

      // 437 IBM437 OEM US
      constexpr unsigned short OEM437Table[256] = {
        0x0000, 0x0001, 0x0002, 0x0003, 0x0004, 0x0005, 0x0006, 0x0007, 0x0008, 0x0009, 0x000A, 0x000B, 0x000C, 0x000D, 0x000E, 0x000F,
        0x0010, 0x0011, 0x0012, 0x0013, 0x0014, 0x0015, 0x0016, 0x0017, 0x0018, 0x0019, 0x001A, 0x001B, 0x001C, 0x001D, 0x001E, 0x001F,
        0x0020, 0x0021, 0x0022, 0x0023, 0x0024, 0x0025, 0x0026, 0x0027, 0x0028, 0x0029, 0x002A, 0x002B, 0x002C, 0x002D, 0x002E, 0x002F,
        0x0030, 0x0031, 0x0032, 0x0033, 0x0034, 0x0035, 0x0036, 0x0037, 0x0038, 0x0039, 0x003A, 0x003B, 0x003C, 0x003D, 0x003E, 0x003F,
        0x0040, 0x0041, 0x0042, 0x0043, 0x0044, 0x0045, 0x0046, 0x0047, 0x0048, 0x0049, 0x004A, 0x004B, 0x004C, 0x004D, 0x004E, 0x004F,
        0x0050, 0x0051, 0x0052, 0x0053, 0x0054, 0x0055, 0x0056, 0x0057, 0x0058, 0x0059, 0x005A, 0x005B, 0x005C, 0x005D, 0x005E, 0x005F,
        0x0060, 0x0061, 0x0062, 0x0063, 0x0064, 0x0065, 0x0066, 0x0067, 0x0068, 0x0069, 0x006A, 0x006B, 0x006C, 0x006D, 0x006E, 0x006F,
        0x0070, 0x0071, 0x0072, 0x0073, 0x0074, 0x0075, 0x0076, 0x0077, 0x0078, 0x0079, 0x007A, 0x007B, 0x007C, 0x007D, 0x007E, 0x007F,
        0x00C7, 0x00FC, 0x00E9, 0x00E2, 0x00E4, 0x00E0, 0x00E5, 0x00E7, 0x00EA, 0x00EB, 0x00E8, 0x00EF, 0x00EE, 0x00EC, 0x00C4, 0x00C5,
        0x00C9, 0x00E6, 0x00C6, 0x00F4, 0x00F6, 0x00F2, 0x00FB, 0x00F9, 0x00FF, 0x00D6, 0x00DC, 0x00A2, 0x00A3, 0x00A5, 0x20A7, 0x0192,
        0x00E1, 0x00ED, 0x00F3, 0x00FA, 0x00F1, 0x00D1, 0x00AA, 0x00BA, 0x00BF, 0x2310, 0x00AC, 0x00BD, 0x00BC, 0x00A1, 0x00AB, 0x00BB,
        0x2591, 0x2592, 0x2593, 0x2502, 0x2524, 0x2561, 0x2562, 0x2556, 0x2555, 0x2563, 0x2551, 0x2557, 0x255D, 0x255C, 0x255B, 0x2510,
        0x2514, 0x2534, 0x252C, 0x251C, 0x2500, 0x253C, 0x255E, 0x255F, 0x255A, 0x2554, 0x2569, 0x2566, 0x2560, 0x2550, 0x256C, 0x2567,
        0x2568, 0x2564, 0x2565, 0x2559, 0x2558, 0x2552, 0x2553, 0x256B, 0x256A, 0x2518, 0x250C, 0x2588, 0x2584, 0x258C, 0x2590, 0x2580,
        0x03B1, 0x00DF, 0x0393, 0x03C0, 0x03A3, 0x03C3, 0x00B5, 0x03C4, 0x03A6, 0x0398, 0x03A9, 0x03B4, 0x221E, 0x03C6, 0x03B5, 0x2229,
        0x2261, 0x00B1, 0x2265, 0x2264, 0x2320, 0x2321, 0x00F7, 0x2248, 0x00B0, 0x2219, 0x00B7, 0x221A, 0x207F, 0x00B2, 0x25A0, 0x00A0,
      };

      // 500 IBM EBCDIC International
      constexpr unsigned short EBCDIC500Table[256] = {
        0x0000, 0x0001, 0x0002, 0x0003, 0x009C, 0x0009, 0x0086, 0x007F, 0x0097, 0x008D, 0x008E, 0x000B, 0x000C, 0x000D, 0x000E, 0x000F,
        0x0010, 0x0011, 0x0012, 0x0013, 0x009D, 0x0085, 0x0008, 0x0087, 0x0018, 0x0019, 0x0092, 0x008F, 0x001C, 0x001D, 0x001E, 0x001F,
        0x0080, 0x0081, 0x0082, 0x0083, 0x0084, 0x000A, 0x0017, 0x001B, 0x0088, 0x0089, 0x008A, 0x008B, 0x008C, 0x0005, 0x0006, 0x0007,
        0x0090, 0x0091, 0x0016, 0x0093, 0x0094, 0x0095, 0x0096, 0x0004, 0x0098, 0x0099, 0x009A, 0x009B, 0x0014, 0x0015, 0x009E, 0x001A,
        0x0020, 0x00A0, 0x00E2, 0x00E4, 0x00E0, 0x00E1, 0x00E3, 0x00E5, 0x00E7, 0x00F1, 0x005B, 0x002E, 0x003C, 0x0028, 0x002B, 0x0021,
        0x0026, 0x00E9, 0x00EA, 0x00EB, 0x00E8, 0x00ED, 0x00EE, 0x00EF, 0x00EC, 0x00DF, 0x005D, 0x0024, 0x002A, 0x0029, 0x003B, 0x005E,
        0x002D, 0x002F, 0x00C2, 0x00C4, 0x00C0, 0x00C1, 0x00C3, 0x00C5, 0x00C7, 0x00D1, 0x00A6, 0x002C, 0x0025, 0x005F, 0x003E, 0x003F,
        0x00F8, 0x00C9, 0x00CA, 0x00CB, 0x00C8, 0x00CD, 0x00CE, 0x00CF, 0x00CC, 0x0060, 0x003A, 0x0023, 0x0040, 0x0027, 0x003D, 0x0022,
        0x00D8, 0x0061, 0x0062, 0x0063, 0x0064, 0x0065, 0x0066, 0x0067, 0x0068, 0x0069, 0x00AB, 0x00BB, 0x00F0, 0x00FD, 0x00FE, 0x00B1,
        0x00B0, 0x006A, 0x006B, 0x006C, 0x006D, 0x006E, 0x006F, 0x0070, 0x0071, 0x0072, 0x00AA, 0x00BA, 0x00E6, 0x00B8, 0x00C6, 0x00A4,
        0x00B5, 0x007E, 0x0073, 0x0074, 0x0075, 0x0076, 0x0077, 0x0078, 0x0079, 0x007A, 0x00A1, 0x00BF, 0x00D0, 0x00DD, 0x00DE, 0x00AE,
        0x00A2, 0x00A3, 0x00A5, 0x00B7, 0x00A9, 0x00A7, 0x00B6, 0x00BC, 0x00BD, 0x00BE, 0x00AC, 0x007C, 0x00AF, 0x00A8, 0x00B4, 0x00D7,
        0x007B, 0x0041, 0x0042, 0x0043, 0x0044, 0x0045, 0x0046, 0x0047, 0x0048, 0x0049, 0x00AD, 0x00F4, 0x00F6, 0x00F2, 0x00F3, 0x00F5,
        0x007D, 0x004A, 0x004B, 0x004C, 0x004D, 0x004E, 0x004F, 0x0050, 0x0051, 0x0052, 0x00B9, 0x00FB, 0x00FC, 0x00F9, 0x00FA, 0x00FF,
        0x005C, 0x00F7, 0x0053, 0x0054, 0x0055, 0x0056, 0x0057, 0x0058, 0x0059, 0x005A, 0x00B2, 0x00D4, 0x00D6, 0x00D2, 0x00D3, 0x00D5,
        0x0030, 0x0031, 0x0032, 0x0033, 0x0034, 0x0035, 0x0036, 0x0037, 0x0038, 0x0039, 0x00B3, 0x00DB, 0x00DC, 0x00D9, 0x00DA, 0x009F,
      };

      // 708 ASMO-708 Arabic
      constexpr unsigned short OEM708Table[256] = {
        0x0000, 0x0001, 0x0002, 0x0003, 0x0004, 0x0005, 0x0006, 0x0007, 0x0008, 0x0009, 0x000A, 0x000B, 0x000C, 0x000D, 0x000E, 0x000F,
        0x0010, 0x0011, 0x0012, 0x0013, 0x0014, 0x0015, 0x0016, 0x0017, 0x0018, 0x0019, 0x001A, 0x001B, 0x001C, 0x001D, 0x001E, 0x001F,
        0x0020, 0x0021, 0x0022, 0x0023, 0x0024, 0x0025, 0x0026, 0x0027, 0x0028, 0x0029, 0x002A, 0x002B, 0x002C, 0x002D, 0x002E, 0x002F,
        0x0030, 0x0031, 0x0032, 0x0033, 0x0034, 0x0035, 0x0036, 0x0037, 0x0038, 0x0039, 0x003A, 0x003B, 0x003C, 0x003D, 0x003E, 0x003F,
        0x0040, 0x0041, 0x0042, 0x0043, 0x0044, 0x0045, 0x0046, 0x0047, 0x0048, 0x0049, 0x004A, 0x004B, 0x004C, 0x004D, 0x004E, 0x004F,
        0x0050, 0x0051, 0x0052, 0x0053, 0x0054, 0x0055, 0x0056, 0x0057, 0x0058, 0x0059, 0x005A, 0x005B, 0x005C, 0x005D, 0x005E, 0x005F,
        0x0060, 0x0061, 0x0062, 0x0063, 0x0064, 0x0065, 0x0066, 0x0067, 0x0068, 0x0069, 0x006A, 0x006B, 0x006C, 0x006D, 0x006E, 0x006F,
        0x0070, 0x0071, 0x0072, 0x0073, 0x0074, 0x0075, 0x0076, 0x0077, 0x0078, 0x0079, 0x007A, 0x007B, 0x007C, 0x007D, 0x007E, 0x007F,
        0x0080, 0x0081, 0x0082, 0x0083, 0x0084, 0x0085, 0x0086, 0x0087, 0x0088, 0x0089, 0x008A, 0x008B, 0x008C, 0x008D, 0x008E, 0x008F,
        0x0090, 0x0091, 0x0092, 0x0093, 0x0094, 0x0095, 0x0096, 0x0097, 0x0098, 0x0099, 0x009A, 0x009B, 0x009C, 0x009D, 0x009E, 0x009F,
        0x00A0, 0xFFFD, 0xFFFD, 0xFFFD, 0x00A4, 0xFFFD, 0xFFFD, 0xFFFD, 0xFFFD, 0xFFFD, 0xFFFD, 0xFFFD, 0x060C, 0x00AD, 0xFFFD, 0xFFFD,
        0xFFFD, 0xFFFD, 0xFFFD, 0xFFFD, 0xFFFD, 0xFFFD, 0xFFFD, 0xFFFD, 0xFFFD, 0xFFFD, 0xFFFD, 0x061B, 0xFFFD, 0xFFFD, 0xFFFD, 0x061F,
        0xFFFD, 0x0621, 0x0622, 0x0623, 0x0624, 0x0625, 0x0626, 0x0627, 0x0628, 0x0629, 0x062A, 0x062B, 0x062C, 0x062D, 0x062E, 0x062F,
        0x0630, 0x0631, 0x0632, 0x0633, 0x0634, 0x0635, 0x0636, 0x0637, 0x0638, 0x0639, 0x063A, 0xFFFD, 0xFFFD, 0xFFFD, 0xFFFD, 0xFFFD,
        0x0640, 0x0641, 0x0642, 0x0643, 0x0644, 0x0645, 0x0646, 0x0647, 0x0648, 0x0649, 0x064A, 0x064B, 0x064C, 0x064D, 0x064E, 0x064F,
        0x0650, 0x0651, 0x0652, 0xFFFD, 0xFFFD, 0xFFFD, 0xFFFD, 0xFFFD, 0xFFFD, 0xFFFD, 0xFFFD, 0xFFFD, 0xFFFD, 0xFFFD, 0xFFFD, 0xFFFD,
      };

      // 720 DOS-720 Arabic
      constexpr unsigned short OEM720Table[256] = {
        0x0000, 0x0001, 0x0002, 0x0003, 0x0004, 0x0005, 0x0006, 0x0007, 0x0008, 0x0009, 0x000A, 0x000B, 0x000C, 0x000D, 0x000E, 0x000F,
        0x0010, 0x0011, 0x0012, 0x0013, 0x0014, 0x0015, 0x0016, 0x0017, 0x0018, 0x0019, 0x001A, 0x001B, 0x001C, 0x001D, 0x001E, 0x001F,
        0x0020, 0x0021, 0x0022, 0x0023, 0x0024, 0x0025, 0x0026, 0x0027, 0x0028, 0x0029, 0x002A, 0x002B, 0x002C, 0x002D, 0x002E, 0x002F,
        0x0030, 0x0031, 0x0032, 0x0033, 0x0034, 0x0035, 0x0036, 0x0037, 0x0038, 0x0039, 0x003A, 0x003B, 0x003C, 0x003D, 0x003E, 0x003F,
        0x0040, 0x0041, 0x0042, 0x0043, 0x0044, 0x0045, 0x0046, 0x0047, 0x0048, 0x0049, 0x004A, 0x004B, 0x004C, 0x004D, 0x004E, 0x004F,
        0x0050, 0x0051, 0x0052, 0x0053, 0x0054, 0x0055, 0x0056, 0x0057, 0x0058, 0x0059, 0x005A, 0x005B, 0x005C, 0x005D, 0x005E, 0x005F,
        0x0060, 0x0061, 0x0062, 0x0063, 0x0064, 0x0065, 0x0066, 0x0067, 0x0068, 0x0069, 0x006A, 0x006B, 0x006C, 0x006D, 0x006E, 0x006F,
        0x0070, 0x0071, 0x0072, 0x0073, 0x0074, 0x0075, 0x0076, 0x0077, 0x0078, 0x0079, 0x007A, 0x007B, 0x007C, 0x007D, 0x007E, 0x007F,
        0x0080, 0x0081, 0x00E9, 0x00E2, 0x0084, 0x00E0, 0x0086, 0x00E7, 0x00EA, 0x00EB, 0x00E8, 0x00EF, 0x00EE, 0x008D, 0x008E, 0x008F,
        0x0090, 0x0651, 0x0652, 0x00F4, 0x00A4, 0x0640, 0x00FB, 0x00F9, 0x0621, 0x0622, 0x0623, 0x0624, 0x00A3, 0x0625, 0x0626, 0x0627,
        0x0628, 0x0629, 0x062A, 0x062B, 0x062C, 0x062D, 0x062E, 0x062F, 0x0630, 0x0631, 0x0632, 0x0633, 0x0634, 0x0635, 0x00AB, 0x00BB,
        0x2591, 0x2592, 0x2593, 0x2502, 0x2524, 0x2561, 0x2562, 0x2556, 0x2555, 0x2563, 0x2551, 0x2557, 0x255D, 0x255C, 0x255B, 0x2510,
        0x2514, 0x2534, 0x252C, 0x251C, 0x2500, 0x253C, 0x255E, 0x255F, 0x255A, 0x2554, 0x2569, 0x2566, 0x2560, 0x2550, 0x256C, 0x2567,
        0x2568, 0x2564, 0x2565, 0x2559, 0x2558, 0x2552, 0x2553, 0x256B, 0x256A, 0x2518, 0x250C, 0x2588, 0x2584, 0x258C, 0x2590, 0x2580,
        0x0636, 0x0637, 0x0638, 0x0639, 0x063A, 0x0641, 0x00B5, 0x0642, 0x0643, 0x0644, 0x0645, 0x0646, 0x0647, 0x0648, 0x0649, 0x064A,
        0x2261, 0x064B, 0x064C, 0x064D, 0x064E, 0x064F, 0x0650, 0x2248, 0x00B0, 0x2219, 0x00B7, 0x221A, 0x207F, 0x00B2, 0x25A0, 0x00A0,
      };

      // 737 IBM737 OEM Greek
      constexpr unsigned short OEM737Table[256] = {
        0x0000, 0x0001, 0x0002, 0x0003, 0x0004, 0x0005, 0x0006, 0x0007, 0x0008, 0x0009, 0x000A, 0x000B, 0x000C, 0x000D, 0x000E, 0x000F,
        0x0010, 0x0011, 0x0012, 0x0013, 0x0014, 0x0015, 0x0016, 0x0017, 0x0018, 0x0019, 0x001A, 0x001B, 0x001C, 0x001D, 0x001E, 0x001F,
        0x0020, 0x0021, 0x0022, 0x0023, 0x0024, 0x0025, 0x0026, 0x0027, 0x0028, 0x0029, 0x002A, 0x002B, 0x002C, 0x002D, 0x002E, 0x002F,
        0x0030, 0x0031, 0x0032, 0x0033, 0x0034, 0x0035, 0x0036, 0x0037, 0x0038, 0x0039, 0x003A, 0x003B, 0x003C, 0x003D, 0x003E, 0x003F,
        0x0040, 0x0041, 0x0042, 0x0043, 0x0044, 0x0045, 0x0046, 0x0047, 0x0048, 0x0049, 0x004A, 0x004B, 0x004C, 0x004D, 0x004E, 0x004F,
        0x0050, 0x0051, 0x0052, 0x0053, 0x0054, 0x0055, 0x0056, 0x0057, 0x0058, 0x0059, 0x005A, 0x005B, 0x005C, 0x005D, 0x005E, 0x005F,
        0x0060, 0x0061, 0x0062, 0x0063, 0x0064, 0x0065, 0x0066, 0x0067, 0x0068, 0x0069, 0x006A, 0x006B, 0x006C, 0x006D, 0x006E, 0x006F,
        0x0070, 0x0071, 0x0072, 0x0073, 0x0074, 0x0075, 0x0076, 0x0077, 0x0078, 0x0079, 0x007A, 0x007B, 0x007C, 0x007D, 0x007E, 0x007F,
        0x0391, 0x0392, 0x0393, 0x0394, 0x0395, 0x0396, 0x0397, 0x0398, 0x0399, 0x039A, 0x039B, 0x039C, 0x039D, 0x039E, 0x039F, 0x03A0,
        0x03A1, 0x03A3, 0x03A4, 0x03A5, 0x03A6, 0x03A7, 0x03A8, 0x03A9, 0x03B1, 0x03B2, 0x03B3, 0x03B4, 0x03B5, 0x03B6, 0x03B7, 0x03B8,
        0x03B9, 0x03BA, 0x03BB, 0x03BC, 0x03BD, 0x03BE, 0x03BF, 0x03C0, 0x03C1, 0x03C3, 0x03C2, 0x03C4, 0x03C5, 0x03C6, 0x03C7, 0x03C8,
        0x2591, 0x2592, 0x2593, 0x2502, 0x2524, 0x2561, 0x2562, 0x2556, 0x2555, 0x2563, 0x2551, 0x2557, 0x255D, 0x255C, 0x255B, 0x2510,
        0x2514, 0x2534, 0x252C, 0x251C, 0x2500, 0x253C, 0x255E, 0x255F, 0x255A, 0x2554, 0x2569, 0x2566, 0x2560, 0x2550, 0x256C, 0x2567,
        0x2568, 0x2564, 0x2565, 0x2559, 0x2558, 0x2552, 0x2553, 0x256B, 0x256A, 0x2518, 0x250C, 0x2588, 0x2584, 0x258C, 0x2590, 0x2580,
        0x03C9, 0x03AC, 0x03AD, 0x03AE, 0x03CA, 0x03AF, 0x03CC, 0x03CD, 0x03CB, 0x03CE, 0x0386, 0x0388, 0x0389, 0x038A, 0x038C, 0x038E,
        0x038F, 0x00B1, 0x2265, 0x2264, 0x03AA, 0x03AB, 0x00F7, 0x2248, 0x00B0, 0x2219, 0x00B7, 0x221A, 0x207F, 0x00B2, 0x25A0, 0x00A0,
      };

      // 775 IBM775 OEM Baltic
      constexpr unsigned short OEM775Table[256] = {
        0x0000, 0x0001, 0x0002, 0x0003, 0x0004, 0x0005, 0x0006, 0x0007, 0x0008, 0x0009, 0x000A, 0x000B, 0x000C, 0x000D, 0x000E, 0x000F,
        0x0010, 0x0011, 0x0012, 0x0013, 0x0014, 0x0015, 0x0016, 0x0017, 0x0018, 0x0019, 0x001A, 0x001B, 0x001C, 0x001D, 0x001E, 0x001F,
        0x0020, 0x0021, 0x0022, 0x0023, 0x0024, 0x0025, 0x0026, 0x0027, 0x0028, 0x0029, 0x002A, 0x002B, 0x002C, 0x002D, 0x002E, 0x002F,
        0x0030, 0x0031, 0x0032, 0x0033, 0x0034, 0x0035, 0x0036, 0x0037, 0x0038, 0x0039, 0x003A, 0x003B, 0x003C, 0x003D, 0x003E, 0x003F,
        0x0040, 0x0041, 0x0042, 0x0043, 0x0044, 0x0045, 0x0046, 0x0047, 0x0048, 0x0049, 0x004A, 0x004B, 0x004C, 0x004D, 0x004E, 0x004F,
        0x0050, 0x0051, 0x0052, 0x0053, 0x0054, 0x0055, 0x0056, 0x0057, 0x0058, 0x0059, 0x005A, 0x005B, 0x005C, 0x005D, 0x005E, 0x005F,
        0x0060, 0x0061, 0x0062, 0x0063, 0x0064, 0x0065, 0x0066, 0x0067, 0x0068, 0x0069, 0x006A, 0x006B, 0x006C, 0x006D, 0x006E, 0x006F,
        0x0070, 0x0071, 0x0072, 0x0073, 0x0074, 0x0075, 0x0076, 0x0077, 0x0078, 0x0079, 0x007A, 0x007B, 0x007C, 0x007D, 0x007E, 0x007F,
        0x0106, 0x00FC, 0x00E9, 0x0101, 0x00E4, 0x0123, 0x00E5, 0x0107, 0x0142, 0x0113, 0x0156, 0x0157, 0x012B, 0x0179, 0x00C4, 0x00C5,
        0x00C9, 0x00E6, 0x00C6, 0x014D, 0x00F6, 0x0122, 0x00A2, 0x015A, 0x015B, 0x00D6, 0x00DC, 0x00F8, 0x00A3, 0x00D8, 0x00D7, 0x00A4,
        0x0100, 0x012A, 0x00F3, 0x017B, 0x017C, 0x017A, 0x201D, 0x00A6, 0x00A9, 0x00AE, 0x00AC, 0x00BD, 0x00BC, 0x0141, 0x00AB, 0x00BB,
        0x2591, 0x2592, 0x2593, 0x2502, 0x2524, 0x0104, 0x010C, 0x0118, 0x0116, 0x2563, 0x2551, 0x2557, 0x255D, 0x012E, 0x0160, 0x2510,
        0x2514, 0x2534, 0x252C, 0x251C, 0x2500, 0x253C, 0x0172, 0x016A, 0x255A, 0x2554, 0x2569, 0x2566, 0x2560, 0x2550, 0x256C, 0x017D,
        0x0105, 0x010D, 0x0119, 0x0117, 0x012F, 0x0161, 0x0173, 0x016B, 0x017E, 0x2518, 0x250C, 0x2588, 0x2584, 0x258C, 0x2590, 0x2580,
        0x00D3, 0x00DF, 0x014C, 0x0143, 0x00F5, 0x00D5, 0x00B5, 0x0144, 0x0136, 0x0137, 0x013B, 0x013C, 0x0146, 0x0112, 0x0145, 0x2019,
        0x00AD, 0x00B1, 0x201C, 0x00BE, 0x00B6, 0x00A7, 0x00F7, 0x201E, 0x00B0, 0x2219, 0x00B7, 0x00B9, 0x00B3, 0x00B2, 0x25A0, 0x00A0,
      };

      // 850 IBM850 OEM Latin 1
      constexpr unsigned short OEM850Table[256] = {
        0x0000, 0x0001, 0x0002, 0x0003, 0x0004, 0x0005, 0x0006, 0x0007, 0x0008, 0x0009, 0x000A, 0x000B, 0x000C, 0x000D, 0x000E, 0x000F,
        0x0010, 0x0011, 0x0012, 0x0013, 0x0014, 0x0015, 0x0016, 0x0017, 0x0018, 0x0019, 0x001A, 0x001B, 0x001C, 0x001D, 0x001E, 0x001F,
        0x0020, 0x0021, 0x0022, 0x0023, 0x0024, 0x0025, 0x0026, 0x0027, 0x0028, 0x0029, 0x002A, 0x002B, 0x002C, 0x002D, 0x002E, 0x002F,
        0x0030, 0x0031, 0x0032, 0x0033, 0x0034, 0x0035, 0x0036, 0x0037, 0x0038, 0x0039, 0x003A, 0x003B, 0x003C, 0x003D, 0x003E, 0x003F,
        0x0040, 0x0041, 0x0042, 0x0043, 0x0044, 0x0045, 0x0046, 0x0047, 0x0048, 0x0049, 0x004A, 0x004B, 0x004C, 0x004D, 0x004E, 0x004F,
        0x0050, 0x0051, 0x0052, 0x0053, 0x0054, 0x0055, 0x0056, 0x0057, 0x0058, 0x0059, 0x005A, 0x005B, 0x005C, 0x005D, 0x005E, 0x005F,
        0x0060, 0x0061, 0x0062, 0x0063, 0x0064, 0x0065, 0x0066, 0x0067, 0x0068, 0x0069, 0x006A, 0x006B, 0x006C, 0x006D, 0x006E, 0x006F,
        0x0070, 0x0071, 0x0072, 0x0073, 0x0074, 0x0075, 0x0076, 0x0077, 0x0078, 0x0079, 0x007A, 0x007B, 0x007C, 0x007D, 0x007E, 0x007F,
        0x00C7, 0x00FC, 0x00E9, 0x00E2, 0x00E4, 0x00E0, 0x00E5, 0x00E7, 0x00EA, 0x00EB, 0x00E8, 0x00EF, 0x00EE, 0x00EC, 0x00C4, 0x00C5,
        0x00C9, 0x00E6, 0x00C6, 0x00F4, 0x00F6, 0x00F2, 0x00FB, 0x00F9, 0x00FF, 0x00D6, 0x00DC, 0x00F8, 0x00A3, 0x00D8, 0x00D7, 0x0192,
        0x00E1, 0x00ED, 0x00F3, 0x00FA, 0x00F1, 0x00D1, 0x00AA, 0x00BA, 0x00BF, 0x00AE, 0x00AC, 0x00BD, 0x00BC, 0x00A1, 0x00AB, 0x00BB,
        0x2591, 0x2592, 0x2593, 0x2502, 0x2524, 0x00C1, 0x00C2, 0x00C0, 0x00A9, 0x2563, 0x2551, 0x2557, 0x255D, 0x00A2, 0x00A5, 0x2510,
        0x2514, 0x2534, 0x252C, 0x251C, 0x2500, 0x253C, 0x00E3, 0x00C3, 0x255A, 0x2554, 0x2569, 0x2566, 0x2560, 0x2550, 0x256C, 0x00A4,
        0x00F0, 0x00D0, 0x00CA, 0x00CB, 0x00C8, 0x0131, 0x00CD, 0x00CE, 0x00CF, 0x2518, 0x250C, 0x2588, 0x2584, 0x00A6, 0x00CC, 0x2580,
        0x00D3, 0x00DF, 0x00D4, 0x00D2, 0x00F5, 0x00D5, 0x00B5, 0x00FE, 0x00DE, 0x00DA, 0x00DB, 0x00D9, 0x00FD, 0x00DD, 0x00AF, 0x00B4,
        0x00AD, 0x00B1, 0x2017, 0x00BE, 0x00B6, 0x00A7, 0x00F7, 0x00B8, 0x00B0, 0x00A8, 0x00B7, 0x00B9, 0x00B3, 0x00B2, 0x25A0, 0x00A0,
      };

      // 852 IBM852 OEM Latin 2
      constexpr unsigned short OEM852Table[256] = {
        0x0000, 0x0001, 0x0002, 0x0003, 0x0004, 0x0005, 0x0006, 0x0007, 0x0008, 0x0009, 0x000A, 0x000B, 0x000C, 0x000D, 0x000E, 0x000F,
        0x0010, 0x0011, 0x0012, 0x0013, 0x0014, 0x0015, 0x0016, 0x0017, 0x0018, 0x0019, 0x001A, 0x001B, 0x001C, 0x001D, 0x001E, 0x001F,
        0x0020, 0x0021, 0x0022, 0x0023, 0x0024, 0x0025, 0x0026, 0x0027, 0x0028, 0x0029, 0x002A, 0x002B, 0x002C, 0x002D, 0x002E, 0x002F,
        0x0030, 0x0031, 0x0032, 0x0033, 0x0034, 0x0035, 0x0036, 0x0037, 0x0038, 0x0039, 0x003A, 0x003B, 0x003C, 0x003D, 0x003E, 0x003F,
        0x0040, 0x0041, 0x0042, 0x0043, 0x0044, 0x0045, 0x0046, 0x0047, 0x0048, 0x0049, 0x004A, 0x004B, 0x004C, 0x004D, 0x004E, 0x004F,
        0x0050, 0x0051, 0x0052, 0x0053, 0x0054, 0x0055, 0x0056, 0x0057, 0x0058, 0x0059, 0x005A, 0x005B, 0x005C, 0x005D, 0x005E, 0x005F,
        0x0060, 0x0061, 0x0062, 0x0063, 0x0064, 0x0065, 0x0066, 0x0067, 0x0068, 0x0069, 0x006A, 0x006B, 0x006C, 0x006D, 0x006E, 0x006F,
        0x0070, 0x0071, 0x0072, 0x0073, 0x0074, 0x0075, 0x0076, 0x0077, 0x0078, 0x0079, 0x007A, 0x007B, 0x007C, 0x007D, 0x007E, 0x007F,
        0x00C7, 0x00FC, 0x00E9, 0x00E2, 0x00E4, 0x016F, 0x0107, 0x00E7, 0x0142, 0x00EB, 0x0150, 0x0151, 0x00EE, 0x0179, 0x00C4, 0x0106,
        0x00C9, 0x0139, 0x013A, 0x00F4, 0x00F6, 0x013D, 0x013E, 0x015A, 0x015B, 0x00D6, 0x00DC, 0x0164, 0x0165, 0x0141, 0x00D7, 0x010D,
        0x00E1, 0x00ED, 0x00F3, 0x00FA, 0x0104, 0x0105, 0x017D, 0x017E, 0x0118, 0x0119, 0x00AC, 0x017A, 0x010C, 0x015F, 0x00AB, 0x00BB,
        0x2591, 0x2592, 0x2593, 0x2502, 0x2524, 0x00C1, 0x00C2, 0x011A, 0x015E, 0x2563, 0x2551, 0x2557, 0x255D, 0x017B, 0x017C, 0x2510,
        0x2514, 0x2534, 0x252C, 0x251C, 0x2500, 0x253C, 0x0102, 0x0103, 0x255A, 0x2554, 0x2569, 0x2566, 0x2560, 0x2550, 0x256C, 0x00A4,
        0x0111, 0x0110, 0x010E, 0x00CB, 0x010F, 0x0147, 0x00CD, 0x00CE, 0x011B, 0x2518, 0x250C, 0x2588, 0x2584, 0x0162, 0x016E, 0x2580,
        0x00D3, 0x00DF, 0x00D4, 0x0143, 0x0144, 0x0148, 0x0160, 0x0161, 0x0154, 0x00DA, 0x0155, 0x0170, 0x00FD, 0x00DD, 0x0163, 0x00B4,
        0x00AD, 0x02DD, 0x02DB, 0x02C7, 0x02D8, 0x00A7, 0x00F7, 0x00B8, 0x00B0, 0x00A8, 0x02D9, 0x0171, 0x0158, 0x0159, 0x25A0, 0x00A0,
      };

      // 855 IBM855 OEM Cyrillic
      constexpr unsigned short OEM855Table[256] = {
        0x0000, 0x0001, 0x0002, 0x0003, 0x0004, 0x0005, 0x0006, 0x0007, 0x0008, 0x0009, 0x000A, 0x000B, 0x000C, 0x000D, 0x000E, 0x000F,
        0x0010, 0x0011, 0x0012, 0x0013, 0x0014, 0x0015, 0x0016, 0x0017, 0x0018, 0x0019, 0x001A, 0x001B, 0x001C, 0x001D, 0x001E, 0x001F,
        0x0020, 0x0021, 0x0022, 0x0023, 0x0024, 0x0025, 0x0026, 0x0027, 0x0028, 0x0029, 0x002A, 0x002B, 0x002C, 0x002D, 0x002E, 0x002F,
        0x0030, 0x0031, 0x0032, 0x0033, 0x0034, 0x0035, 0x0036, 0x0037, 0x0038, 0x0039, 0x003A, 0x003B, 0x003C, 0x003D, 0x003E, 0x003F,
        0x0040, 0x0041, 0x0042, 0x0043, 0x0044, 0x0045, 0x0046, 0x0047, 0x0048, 0x0049, 0x004A, 0x004B, 0x004C, 0x004D, 0x004E, 0x004F,
        0x0050, 0x0051, 0x0052, 0x0053, 0x0054, 0x0055, 0x0056, 0x0057, 0x0058, 0x0059, 0x005A, 0x005B, 0x005C, 0x005D, 0x005E, 0x005F,
        0x0060, 0x0061, 0x0062, 0x0063, 0x0064, 0x0065, 0x0066, 0x0067, 0x0068, 0x0069, 0x006A, 0x006B, 0x006C, 0x006D, 0x006E, 0x006F,
        0x0070, 0x0071, 0x0072, 0x0073, 0x0074, 0x0075, 0x0076, 0x0077, 0x0078, 0x0079, 0x007A, 0x007B, 0x007C, 0x007D, 0x007E, 0x007F,
        0x0452, 0x0402, 0x0453, 0x0403, 0x0451, 0x0401, 0x0454, 0x0404, 0x0455, 0x0405, 0x0456, 0x0406, 0x0457, 0x0407, 0x0458, 0x0408,
        0x0459, 0x0409, 0x045A, 0x040A, 0x045B, 0x040B, 0x045C, 0x040C, 0x045E, 0x040E, 0x045F, 0x040F, 0x044E, 0x042E, 0x044A, 0x042A,
        0x0430, 0x0410, 0x0431, 0x0411, 0x0446, 0x0426, 0x0434, 0x0414, 0x0435, 0x0415, 0x0444, 0x0424, 0x0433, 0x0413, 0x00AB, 0x00BB,
        0x2591, 0x2592, 0x2593, 0x2502, 0x2524, 0x0445, 0x0425, 0x0438, 0x0418, 0x2563, 0x2551, 0x2557, 0x255D, 0x0439, 0x0419, 0x2510,
        0x2514, 0x2534, 0x252C, 0x251C, 0x2500, 0x253C, 0x043A, 0x041A, 0x255A, 0x2554, 0x2569, 0x2566, 0x2560, 0x2550, 0x256C, 0x00A4,
        0x043B, 0x041B, 0x043C, 0x041C, 0x043D, 0x041D, 0x043E, 0x041E, 0x043F, 0x2518, 0x250C, 0x2588, 0x2584, 0x041F, 0x044F, 0x2580,
        0x042F, 0x0440, 0x0420, 0x0441, 0x0421, 0x0442, 0x0422, 0x0443, 0x0423, 0x0436, 0x0416, 0x0432, 0x0412, 0x044C, 0x042C, 0x2116,
        0x00AD, 0x044B, 0x042B, 0x0437, 0x0417, 0x0448, 0x0428, 0x044D, 0x042D, 0x0449, 0x0429, 0x0447, 0x0427, 0x00A7, 0x25A0, 0x00A0,
      };

      // 857 IBM857 OEM Turkish
      constexpr unsigned short OEM857Table[256] = {
        0x0000, 0x0001, 0x0002, 0x0003, 0x0004, 0x0005, 0x0006, 0x0007, 0x0008, 0x0009, 0x000A, 0x000B, 0x000C, 0x000D, 0x000E, 0x000F,
        0x0010, 0x0011, 0x0012, 0x0013, 0x0014, 0x0015, 0x0016, 0x0017, 0x0018, 0x0019, 0x001A, 0x001B, 0x001C, 0x001D, 0x001E, 0x001F,
        0x0020, 0x0021, 0x0022, 0x0023, 0x0024, 0x0025, 0x0026, 0x0027, 0x0028, 0x0029, 0x002A, 0x002B, 0x002C, 0x002D, 0x002E, 0x002F,
        0x0030, 0x0031, 0x0032, 0x0033, 0x0034, 0x0035, 0x0036, 0x0037, 0x0038, 0x0039, 0x003A, 0x003B, 0x003C, 0x003D, 0x003E, 0x003F,
        0x0040, 0x0041, 0x0042, 0x0043, 0x0044, 0x0045, 0x0046, 0x0047, 0x0048, 0x0049, 0x004A, 0x004B, 0x004C, 0x004D, 0x004E, 0x004F,
        0x0050, 0x0051, 0x0052, 0x0053, 0x0054, 0x0055, 0x0056, 0x0057, 0x0058, 0x0059, 0x005A, 0x005B, 0x005C, 0x005D, 0x005E, 0x005F,
        0x0060, 0x0061, 0x0062, 0x0063, 0x0064, 0x0065, 0x0066, 0x0067, 0x0068, 0x0069, 0x006A, 0x006B, 0x006C, 0x006D, 0x006E, 0x006F,
        0x0070, 0x0071, 0x0072, 0x0073, 0x0074, 0x0075, 0x0076, 0x0077, 0x0078, 0x0079, 0x007A, 0x007B, 0x007C, 0x007D, 0x007E, 0x007F,
        0x00C7, 0x00FC, 0x00E9, 0x00E2, 0x00E4, 0x00E0, 0x00E5, 0x00E7, 0x00EA, 0x00EB, 0x00E8, 0x00EF, 0x00EE, 0x0131, 0x00C4, 0x00C5,
        0x00C9, 0x00E6, 0x00C6, 0x00F4, 0x00F6, 0x00F2, 0x00FB, 0x00F9, 0x0130, 0x00D6, 0x00DC, 0x00F8, 0x00A3, 0x00D8, 0x015E, 0x015F,
        0x00E1, 0x00ED, 0x00F3, 0x00FA, 0x00F1, 0x00D1, 0x011E, 0x011F, 0x00BF, 0x00AE, 0x00AC, 0x00BD, 0x00BC, 0x00A1, 0x00AB, 0x00BB,
        0x2591, 0x2592, 0x2593, 0x2502, 0x2524, 0x00C1, 0x00C2, 0x00C0, 0x00A9, 0x2563, 0x2551, 0x2557, 0x255D, 0x00A2, 0x00A5, 0x2510,
        0x2514, 0x2534, 0x252C, 0x251C, 0x2500, 0x253C, 0x00E3, 0x00C3, 0x255A, 0x2554, 0x2569, 0x2566, 0x2560, 0x2550, 0x256C, 0x00A4,
        0x00BA, 0x00AA, 0x00CA, 0x00CB, 0x00C8, 0xFFFD, 0x00CD, 0x00CE, 0x00CF, 0x2518, 0x250C, 0x2588, 0x2584, 0x00A6, 0x00CC, 0x2580,
        0x00D3, 0x00DF, 0x00D4, 0x00D2, 0x00F5, 0x00D5, 0x00B5, 0xFFFD, 0x00D7, 0x00DA, 0x00DB, 0x00D9, 0x00EC, 0x00FF, 0x00AF, 0x00B4,
        0x00AD, 0x00B1, 0xFFFD, 0x00BE, 0x00B6, 0x00A7, 0x00F7, 0x00B8, 0x00B0, 0x00A8, 0x00B7, 0x00B9, 0x00B3, 0x00B2, 0x25A0, 0x00A0,
      };

      // 858 IBM858 OEM Latin 1 with Euro
      constexpr unsigned short OEM858Table[256] = {
        0x0000, 0x0001, 0x0002, 0x0003, 0x0004, 0x0005, 0x0006, 0x0007, 0x0008, 0x0009, 0x000A, 0x000B, 0x000C, 0x000D, 0x000E, 0x000F,
        0x0010, 0x0011, 0x0012, 0x0013, 0x0014, 0x0015, 0x0016, 0x0017, 0x0018, 0x0019, 0x001A, 0x001B, 0x001C, 0x001D, 0x001E, 0x001F,
        0x0020, 0x0021, 0x0022, 0x0023, 0x0024, 0x0025, 0x0026, 0x0027, 0x0028, 0x0029, 0x002A, 0x002B, 0x002C, 0x002D, 0x002E, 0x002F,
        0x0030, 0x0031, 0x0032, 0x0033, 0x0034, 0x0035, 0x0036, 0x0037, 0x0038, 0x0039, 0x003A, 0x003B, 0x003C, 0x003D, 0x003E, 0x003F,
        0x0040, 0x0041, 0x0042, 0x0043, 0x0044, 0x0045, 0x0046, 0x0047, 0x0048, 0x0049, 0x004A, 0x004B, 0x004C, 0x004D, 0x004E, 0x004F,
        0x0050, 0x0051, 0x0052, 0x0053, 0x0054, 0x0055, 0x0056, 0x0057, 0x0058, 0x0059, 0x005A, 0x005B, 0x005C, 0x005D, 0x005E, 0x005F,
        0x0060, 0x0061, 0x0062, 0x0063, 0x0064, 0x0065, 0x0066, 0x0067, 0x0068, 0x0069, 0x006A, 0x006B, 0x006C, 0x006D, 0x006E, 0x006F,
        0x0070, 0x0071, 0x0072, 0x0073, 0x0074, 0x0075, 0x0076, 0x0077, 0x0078, 0x0079, 0x007A, 0x007B, 0x007C, 0x007D, 0x007E, 0x007F,
        0x00C7, 0x00FC, 0x00E9, 0x00E2, 0x00E4, 0x00E0, 0x00E5, 0x00E7, 0x00EA, 0x00EB, 0x00E8, 0x00EF, 0x00EE, 0x00EC, 0x00C4, 0x00C5,
        0x00C9, 0x00E6, 0x00C6, 0x00F4, 0x00F6, 0x00F2, 0x00FB, 0x00F9, 0x00FF, 0x00D6, 0x00DC, 0x00F8, 0x00A3, 0x00D8, 0x00D7, 0x0192,
        0x00E1, 0x00ED, 0x00F3, 0x00FA, 0x00F1, 0x00D1, 0x00AA, 0x00BA, 0x00BF, 0x00AE, 0x00AC, 0x00BD, 0x00BC, 0x00A1, 0x00AB, 0x00BB,
        0x2591, 0x2592, 0x2593, 0x2502, 0x2524, 0x00C1, 0x00C2, 0x00C0, 0x00A9, 0x2563, 0x2551, 0x2557, 0x255D, 0x00A2, 0x00A5, 0x2510,
        0x2514, 0x2534, 0x252C, 0x251C, 0x2500, 0x253C, 0x00E3, 0x00C3, 0x255A, 0x2554, 0x2569, 0x2566, 0x2560, 0x2550, 0x256C, 0x00A4,
        0x00F0, 0x00D0, 0x00CA, 0x00CB, 0x00C8, 0x20AC, 0x00CD, 0x00CE, 0x00CF, 0x2518, 0x250C, 0x2588, 0x2584, 0x00A6, 0x00CC, 0x2580,
        0x00D3, 0x00DF, 0x00D4, 0x00D2, 0x00F5, 0x00D5, 0x00B5, 0x00FE, 0x00DE, 0x00DA, 0x00DB, 0x00D9, 0x00FD, 0x00DD, 0x00AF, 0x00B4,
        0x00AD, 0x00B1, 0x2017, 0x00BE, 0x00B6, 0x00A7, 0x00F7, 0x00B8, 0x00B0, 0x00A8, 0x00B7, 0x00B9, 0x00B3, 0x00B2, 0x25A0, 0x00A0,
      };

      // 860 IBM860 OEM Portuguese
      constexpr unsigned short OEM860Table[256] = {
        0x0000, 0x0001, 0x0002, 0x0003, 0x0004, 0x0005, 0x0006, 0x0007, 0x0008, 0x0009, 0x000A, 0x000B, 0x000C, 0x000D, 0x000E, 0x000F,
        0x0010, 0x0011, 0x0012, 0x0013, 0x0014, 0x0015, 0x0016, 0x0017, 0x0018, 0x0019, 0x001A, 0x001B, 0x001C, 0x001D, 0x001E, 0x001F,
        0x0020, 0x0021, 0x0022, 0x0023, 0x0024, 0x0025, 0x0026, 0x0027, 0x0028, 0x0029, 0x002A, 0x002B, 0x002C, 0x002D, 0x002E, 0x002F,
        0x0030, 0x0031, 0x0032, 0x0033, 0x0034, 0x0035, 0x0036, 0x0037, 0x0038, 0x0039, 0x003A, 0x003B, 0x003C, 0x003D, 0x003E, 0x003F,
        0x0040, 0x0041, 0x0042, 0x0043, 0x0044, 0x0045, 0x0046, 0x0047, 0x0048, 0x0049, 0x004A, 0x004B, 0x004C, 0x004D, 0x004E, 0x004F,
        0x0050, 0x0051, 0x0052, 0x0053, 0x0054, 0x0055, 0x0056, 0x0057, 0x0058, 0x0059, 0x005A, 0x005B, 0x005C, 0x005D, 0x005E, 0x005F,
        0x0060, 0x0061, 0x0062, 0x0063, 0x0064, 0x0065, 0x0066, 0x0067, 0x0068, 0x0069, 0x006A, 0x006B, 0x006C, 0x006D, 0x006E, 0x006F,
        0x0070, 0x0071, 0x0072, 0x0073, 0x0074, 0x0075, 0x0076, 0x0077, 0x0078, 0x0079, 0x007A, 0x007B, 0x007C, 0x007D, 0x007E, 0x007F,
        0x00C7, 0x00FC, 0x00E9, 0x00E2, 0x00E3, 0x00E0, 0x00C1, 0x00E7, 0x00EA, 0x00CA, 0x00E8, 0x00CD, 0x00D4, 0x00EC, 0x00C3, 0x00C2,
        0x00C9, 0x00C0, 0x00C8, 0x00F4, 0x00F5, 0x00F2, 0x00DA, 0x00F9, 0x00CC, 0x00D5, 0x00DC, 0x00A2, 0x00A3, 0x00D9, 0x20A7, 0x00D3,
        0x00E1, 0x00ED, 0x00F3, 0x00FA, 0x00F1, 0x00D1, 0x00AA, 0x00BA, 0x00BF, 0x00D2, 0x00AC, 0x00BD, 0x00BC, 0x00A1, 0x00AB, 0x00BB,
        0x2591, 0x2592, 0x2593, 0x2502, 0x2524, 0x2561, 0x2562, 0x2556, 0x2555, 0x2563, 0x2551, 0x2557, 0x255D, 0x255C, 0x255B, 0x2510,
        0x2514, 0x2534, 0x252C, 0x251C, 0x2500, 0x253C, 0x255E, 0x255F, 0x255A, 0x2554, 0x2569, 0x2566, 0x2560, 0x2550, 0x256C, 0x2567,
        0x2568, 0x2564, 0x2565, 0x2559, 0x2558, 0x2552, 0x2553, 0x256B, 0x256A, 0x2518, 0x250C, 0x2588, 0x2584, 0x258C, 0x2590, 0x2580,
        0x03B1, 0x00DF, 0x0393, 0x03C0, 0x03A3, 0x03C3, 0x00B5, 0x03C4, 0x03A6, 0x0398, 0x03A9, 0x03B4, 0x221E, 0x03C6, 0x03B5, 0x2229,
        0x2261, 0x00B1, 0x2265, 0x2264, 0x2320, 0x2321, 0x00F7, 0x2248, 0x00B0, 0x2219, 0x00B7, 0x221A, 0x207F, 0x00B2, 0x25A0, 0x00A0,
      };

      // 861 IBM861 OEM Icelandic
      constexpr unsigned short OEM861Table[256] = {
        0x0000, 0x0001, 0x0002, 0x0003, 0x0004, 0x0005, 0x0006, 0x0007, 0x0008, 0x0009, 0x000A, 0x000B, 0x000C, 0x000D, 0x000E, 0x000F,
        0x0010, 0x0011, 0x0012, 0x0013, 0x0014, 0x0015, 0x0016, 0x0017, 0x0018, 0x0019, 0x001A, 0x001B, 0x001C, 0x001D, 0x001E, 0x001F,
        0x0020, 0x0021, 0x0022, 0x0023, 0x0024, 0x0025, 0x0026, 0x0027, 0x0028, 0x0029, 0x002A, 0x002B, 0x002C, 0x002D, 0x002E, 0x002F,
        0x0030, 0x0031, 0x0032, 0x0033, 0x0034, 0x0035, 0x0036, 0x0037, 0x0038, 0x0039, 0x003A, 0x003B, 0x003C, 0x003D, 0x003E, 0x003F,
        0x0040, 0x0041, 0x0042, 0x0043, 0x0044, 0x0045, 0x0046, 0x0047, 0x0048, 0x0049, 0x004A, 0x004B, 0x004C, 0x004D, 0x004E, 0x004F,
        0x0050, 0x0051, 0x0052, 0x0053, 0x0054, 0x0055, 0x0056, 0x0057, 0x0058, 0x0059, 0x005A, 0x005B, 0x005C, 0x005D, 0x005E, 0x005F,
        0x0060, 0x0061, 0x0062, 0x0063, 0x0064, 0x0065, 0x0066, 0x0067, 0x0068, 0x0069, 0x006A, 0x006B, 0x006C, 0x006D, 0x006E, 0x006F,
        0x0070, 0x0071, 0x0072, 0x0073, 0x0074, 0x0075, 0x0076, 0x0077, 0x0078, 0x0079, 0x007A, 0x007B, 0x007C, 0x007D, 0x007E, 0x007F,
        0x00C7, 0x00FC, 0x00E9, 0x00E2, 0x00E4, 0x00E0, 0x00E5, 0x00E7, 0x00EA, 0x00EB, 0x00E8, 0x00D0, 0x00F0, 0x00DE, 0x00C4, 0x00C5,
        0x00C9, 0x00E6, 0x00C6, 0x00F4, 0x00F6, 0x00FE, 0x00FB, 0x00DD, 0x00FD, 0x00D6, 0x00DC, 0x00F8, 0x00A3, 0x00D8, 0x20A7, 0x0192,
        0x00E1, 0x00ED, 0x00F3, 0x00FA, 0x00C1, 0x00CD, 0x00D3, 0x00DA, 0x00BF, 0x2310, 0x00AC, 0x00BD, 0x00BC, 0x00A1, 0x00AB, 0x00BB,
        0x2591, 0x2592, 0x2593, 0x2502, 0x2524, 0x2561, 0x2562, 0x2556, 0x2555, 0x2563, 0x2551, 0x2557, 0x255D, 0x255C, 0x255B, 0x2510,
        0x2514, 0x2534, 0x252C, 0x251C, 0x2500, 0x253C, 0x255E, 0x255F, 0x255A, 0x2554, 0x2569, 0x2566, 0x2560, 0x2550, 0x256C, 0x2567,
        0x2568, 0x2564, 0x2565, 0x2559, 0x2558, 0x2552, 0x2553, 0x256B, 0x256A, 0x2518, 0x250C, 0x2588, 0x2584, 0x258C, 0x2590, 0x2580,
        0x03B1, 0x00DF, 0x0393, 0x03C0, 0x03A3, 0x03C3, 0x00B5, 0x03C4, 0x03A6, 0x0398, 0x03A9, 0x03B4, 0x221E, 0x03C6, 0x03B5, 0x2229,
        0x2261, 0x00B1, 0x2265, 0x2264, 0x2320, 0x2321, 0x00F7, 0x2248, 0x00B0, 0x2219, 0x00B7, 0x221A, 0x207F, 0x00B2, 0x25A0, 0x00A0,
      };

      // 862 DOS-862 OEM Hebrew
      constexpr unsigned short OEM862Table[256] = {
        0x0000, 0x0001, 0x0002, 0x0003, 0x0004, 0x0005, 0x0006, 0x0007, 0x0008, 0x0009, 0x000A, 0x000B, 0x000C, 0x000D, 0x000E, 0x000F,
        0x0010, 0x0011, 0x0012, 0x0013, 0x0014, 0x0015, 0x0016, 0x0017, 0x0018, 0x0019, 0x001A, 0x001B, 0x001C, 0x001D, 0x001E, 0x001F,
        0x0020, 0x0021, 0x0022, 0x0023, 0x0024, 0x0025, 0x0026, 0x0027, 0x0028, 0x0029, 0x002A, 0x002B, 0x002C, 0x002D, 0x002E, 0x002F,
        0x0030, 0x0031, 0x0032, 0x0033, 0x0034, 0x0035, 0x0036, 0x0037, 0x0038, 0x0039, 0x003A, 0x003B, 0x003C, 0x003D, 0x003E, 0x003F,
        0x0040, 0x0041, 0x0042, 0x0043, 0x0044, 0x0045, 0x0046, 0x0047, 0x0048, 0x0049, 0x004A, 0x004B, 0x004C, 0x004D, 0x004E, 0x004F,
        0x0050, 0x0051, 0x0052, 0x0053, 0x0054, 0x0055, 0x0056, 0x0057, 0x0058, 0x0059, 0x005A, 0x005B, 0x005C, 0x005D, 0x005E, 0x005F,
        0x0060, 0x0061, 0x0062, 0x0063, 0x0064, 0x0065, 0x0066, 0x0067, 0x0068, 0x0069, 0x006A, 0x006B, 0x006C, 0x006D, 0x006E, 0x006F,
        0x0070, 0x0071, 0x0072, 0x0073, 0x0074, 0x0075, 0x0076, 0x0077, 0x0078, 0x0079, 0x007A, 0x007B, 0x007C, 0x007D, 0x007E, 0x007F,
        0x05D0, 0x05D1, 0x05D2, 0x05D3, 0x05D4, 0x05D5, 0x05D6, 0x05D7, 0x05D8, 0x05D9, 0x05DA, 0x05DB, 0x05DC, 0x05DD, 0x05DE, 0x05DF,
        0x05E0, 0x05E1, 0x05E2, 0x05E3, 0x05E4, 0x05E5, 0x05E6, 0x05E7, 0x05E8, 0x05E9, 0x05EA, 0x00A2, 0x00A3, 0x00A5, 0x20A7, 0x0192,
        0x00E1, 0x00ED, 0x00F3, 0x00FA, 0x00F1, 0x00D1, 0x00AA, 0x00BA, 0x00BF, 0x2310, 0x00AC, 0x00BD, 0x00BC, 0x00A1, 0x00AB, 0x00BB,
        0x2591, 0x2592, 0x2593, 0x2502, 0x2524, 0x2561, 0x2562, 0x2556, 0x2555, 0x2563, 0x2551, 0x2557, 0x255D, 0x255C, 0x255B, 0x2510,
        0x2514, 0x2534, 0x252C, 0x251C, 0x2500, 0x253C, 0x255E, 0x255F, 0x255A, 0x2554, 0x2569, 0x2566, 0x2560, 0x2550, 0x256C, 0x2567,
        0x2568, 0x2564, 0x2565, 0x2559, 0x2558, 0x2552, 0x2553, 0x256B, 0x256A, 0x2518, 0x250C, 0x2588, 0x2584, 0x258C, 0x2590, 0x2580,
        0x03B1, 0x00DF, 0x0393, 0x03C0, 0x03A3, 0x03C3, 0x00B5, 0x03C4, 0x03A6, 0x0398, 0x03A9, 0x03B4, 0x221E, 0x03C6, 0x03B5, 0x2229,
        0x2261, 0x00B1, 0x2265, 0x2264, 0x2320, 0x2321, 0x00F7, 0x2248, 0x00B0, 0x2219, 0x00B7, 0x221A, 0x207F, 0x00B2, 0x25A0, 0x00A0,
      };

      // 863 IBM863 OEM French Canadian
      constexpr unsigned short OEM863Table[256] = {
        0x0000, 0x0001, 0x0002, 0x0003, 0x0004, 0x0005, 0x0006, 0x0007, 0x0008, 0x0009, 0x000A, 0x000B, 0x000C, 0x000D, 0x000E, 0x000F,
        0x0010, 0x0011, 0x0012, 0x0013, 0x0014, 0x0015, 0x0016, 0x0017, 0x0018, 0x0019, 0x001A, 0x001B, 0x001C, 0x001D, 0x001E, 0x001F,
        0x0020, 0x0021, 0x0022, 0x0023, 0x0024, 0x0025, 0x0026, 0x0027, 0x0028, 0x0029, 0x002A, 0x002B, 0x002C, 0x002D, 0x002E, 0x002F,
        0x0030, 0x0031, 0x0032, 0x0033, 0x0034, 0x0035, 0x0036, 0x0037, 0x0038, 0x0039, 0x003A, 0x003B, 0x003C, 0x003D, 0x003E, 0x003F,
        0x0040, 0x0041, 0x0042, 0x0043, 0x0044, 0x0045, 0x0046, 0x0047, 0x0048, 0x0049, 0x004A, 0x004B, 0x004C, 0x004D, 0x004E, 0x004F,
        0x0050, 0x0051, 0x0052, 0x0053, 0x0054, 0x0055, 0x0056, 0x0057, 0x0058, 0x0059, 0x005A, 0x005B, 0x005C, 0x005D, 0x005E, 0x005F,
        0x0060, 0x0061, 0x0062, 0x0063, 0x0064, 0x0065, 0x0066, 0x0067, 0x0068, 0x0069, 0x006A, 0x006B, 0x006C, 0x006D, 0x006E, 0x006F,
        0x0070, 0x0071, 0x0072, 0x0073, 0x0074, 0x0075, 0x0076, 0x0077, 0x0078, 0x0079, 0x007A, 0x007B, 0x007C, 0x007D, 0x007E, 0x007F,
        0x00C7, 0x00FC, 0x00E9, 0x00E2, 0x00C2, 0x00E0, 0x00B6, 0x00E7, 0x00EA, 0x00EB, 0x00E8, 0x00EF, 0x00EE, 0x2017, 0x00C0, 0x00A7,
        0x00C9, 0x00C8, 0x00CA, 0x00F4, 0x00CB, 0x00CF, 0x00FB, 0x00F9, 0x00A4, 0x00D4, 0x00DC, 0x00A2, 0x00A3, 0x00D9, 0x00DB, 0x0192,
        0x00A6, 0x00B4, 0x00F3, 0x00FA, 0x00A8, 0x00B8, 0x00B3, 0x00AF, 0x00CE, 0x2310, 0x00AC, 0x00BD, 0x00BC, 0x00BE, 0x00AB, 0x00BB,
        0x2591, 0x2592, 0x2593, 0x2502, 0x2524, 0x2561, 0x2562, 0x2556, 0x2555, 0x2563, 0x2551, 0x2557, 0x255D, 0x255C, 0x255B, 0x2510,
        0x2514, 0x2534, 0x252C, 0x251C, 0x2500, 0x253C, 0x255E, 0x255F, 0x255A, 0x2554, 0x2569, 0x2566, 0x2560, 0x2550, 0x256C, 0x2567,
        0x2568, 0x2564, 0x2565, 0x2559, 0x2558, 0x2552, 0x2553, 0x256B, 0x256A, 0x2518, 0x250C, 0x2588, 0x2584, 0x258C, 0x2590, 0x2580,
        0x03B1, 0x00DF, 0x0393, 0x03C0, 0x03A3, 0x03C3, 0x00B5, 0x03C4, 0x03A6, 0x0398, 0x03A9, 0x03B4, 0x221E, 0x03C6, 0x03B5, 0x2229,
        0x2261, 0x00B1, 0x2265, 0x2264, 0x2320, 0x2321, 0x00F7, 0x2248, 0x00B0, 0x2219, 0x00B7, 0x221A, 0x207F, 0x00B2, 0x25A0, 0x00A0,
      };

      // 864 IBM864 OEM Arabic
      constexpr unsigned short OEM864Table[256] = {
        0x0000, 0x0001, 0x0002, 0x0003, 0x0004, 0x0005, 0x0006, 0x0007, 0x0008, 0x0009, 0x000A, 0x000B, 0x000C, 0x000D, 0x000E, 0x000F,
        0x0010, 0x0011, 0x0012, 0x0013, 0x0014, 0x0015, 0x0016, 0x0017, 0x0018, 0x0019, 0x001A, 0x001B, 0x001C, 0x001D, 0x001E, 0x001F,
        0x0020, 0x0021, 0x0022, 0x0023, 0x0024, 0x066A, 0x0026, 0x0027, 0x0028, 0x0029, 0x002A, 0x002B, 0x002C, 0x002D, 0x002E, 0x002F,
        0x0030, 0x0031, 0x0032, 0x0033, 0x0034, 0x0035, 0x0036, 0x0037, 0x0038, 0x0039, 0x003A, 0x003B, 0x003C, 0x003D, 0x003E, 0x003F,
        0x0040, 0x0041, 0x0042, 0x0043, 0x0044, 0x0045, 0x0046, 0x0047, 0x0048, 0x0049, 0x004A, 0x004B, 0x004C, 0x004D, 0x004E, 0x004F,
        0x0050, 0x0051, 0x0052, 0x0053, 0x0054, 0x0055, 0x0056, 0x0057, 0x0058, 0x0059, 0x005A, 0x005B, 0x005C, 0x005D, 0x005E, 0x005F,
        0x0060, 0x0061, 0x0062, 0x0063, 0x0064, 0x0065, 0x0066, 0x0067, 0x0068, 0x0069, 0x006A, 0x006B, 0x006C, 0x006D, 0x006E, 0x006F,
        0x0070, 0x0071, 0x0072, 0x0073, 0x0074, 0x0075, 0x0076, 0x0077, 0x0078, 0x0079, 0x007A, 0x007B, 0x007C, 0x007D, 0x007E, 0x007F,
        0x00B0, 0x00B7, 0x2219, 0x221A, 0x2592, 0x2500, 0x2502, 0x253C, 0x2524, 0x252C, 0x251C, 0x2534, 0x2510, 0x250C, 0x2514, 0x2518,
        0x03B2, 0x221E, 0x03C6, 0x00B1, 0x00BD, 0x00BC, 0x2248, 0x00AB, 0x00BB, 0xFEF7, 0xFEF8, 0x009B, 0x009C, 0xFEFB, 0xFEFC, 0x009F,
        0x00A0, 0x00AD, 0xFE82, 0x00A3, 0x00A4, 0xFE84, 0xFFFD, 0xFFFD, 0xFE8E, 0xFE8F, 0xFE95, 0xFE99, 0x060C, 0xFE9D, 0xFEA1, 0xFEA5,
        0x0660, 0x0661, 0x0662, 0x0663, 0x0664, 0x0665, 0x0666, 0x0667, 0x0668, 0x0669, 0xFED1, 0x061B, 0xFEB1, 0xFEB5, 0xFEB9, 0x061F,
        0x00A2, 0xFE80, 0xFE81, 0xFE83, 0xFE85, 0xFECA, 0xFE8B, 0xFE8D, 0xFE91, 0xFE93, 0xFE97, 0xFE9B, 0xFE9F, 0xFEA3, 0xFEA7, 0xFEA9,
        0xFEAB, 0xFEAD, 0xFEAF, 0xFEB3, 0xFEB7, 0xFEBB, 0xFEBF, 0xFEC1, 0xFEC5, 0xFECB, 0xFECF, 0x00A6, 0x00AC, 0x00F7, 0x00D7, 0xFEC9,
        0x0640, 0xFED3, 0xFED7, 0xFEDB, 0xFEDF, 0xFEE3, 0xFEE7, 0xFEEB, 0xFEED, 0xFEEF, 0xFEF3, 0xFEBD, 0xFECC, 0xFECE, 0xFECD, 0xFEE1,
        0xFE7D, 0x0651, 0xFEE5, 0xFEE9, 0xFEEC, 0xFEF0, 0xFEF2, 0xFED0, 0xFED5, 0xFEF5, 0xFEF6, 0xFEDD, 0xFED9, 0xFEF1, 0x25A0, 0xFFFD,
      };

      // 865 IBM865 OEM Nordic
      constexpr unsigned short OEM865Table[256] = {
        0x0000, 0x0001, 0x0002, 0x0003, 0x0004, 0x0005, 0x0006, 0x0007, 0x0008, 0x0009, 0x000A, 0x000B, 0x000C, 0x000D, 0x000E, 0x000F,
        0x0010, 0x0011, 0x0012, 0x0013, 0x0014, 0x0015, 0x0016, 0x0017, 0x0018, 0x0019, 0x001A, 0x001B, 0x001C, 0x001D, 0x001E, 0x001F,
        0x0020, 0x0021, 0x0022, 0x0023, 0x0024, 0x0025, 0x0026, 0x0027, 0x0028, 0x0029, 0x002A, 0x002B, 0x002C, 0x002D, 0x002E, 0x002F,
        0x0030, 0x0031, 0x0032, 0x0033, 0x0034, 0x0035, 0x0036, 0x0037, 0x0038, 0x0039, 0x003A, 0x003B, 0x003C, 0x003D, 0x003E, 0x003F,
        0x0040, 0x0041, 0x0042, 0x0043, 0x0044, 0x0045, 0x0046, 0x0047, 0x0048, 0x0049, 0x004A, 0x004B, 0x004C, 0x004D, 0x004E, 0x004F,
        0x0050, 0x0051, 0x0052, 0x0053, 0x0054, 0x0055, 0x0056, 0x0057, 0x0058, 0x0059, 0x005A, 0x005B, 0x005C, 0x005D, 0x005E, 0x005F,
        0x0060, 0x0061, 0x0062, 0x0063, 0x0064, 0x0065, 0x0066, 0x0067, 0x0068, 0x0069, 0x006A, 0x006B, 0x006C, 0x006D, 0x006E, 0x006F,
        0x0070, 0x0071, 0x0072, 0x0073, 0x0074, 0x0075, 0x0076, 0x0077, 0x0078, 0x0079, 0x007A, 0x007B, 0x007C, 0x007D, 0x007E, 0x007F,
        0x00C7, 0x00FC, 0x00E9, 0x00E2, 0x00E4, 0x00E0, 0x00E5, 0x00E7, 0x00EA, 0x00EB, 0x00E8, 0x00EF, 0x00EE, 0x00EC, 0x00C4, 0x00C5,
        0x00C9, 0x00E6, 0x00C6, 0x00F4, 0x00F6, 0x00F2, 0x00FB, 0x00F9, 0x00FF, 0x00D6, 0x00DC, 0x00F8, 0x00A3, 0x00D8, 0x20A7, 0x0192,
        0x00E1, 0x00ED, 0x00F3, 0x00FA, 0x00F1, 0x00D1, 0x00AA, 0x00BA, 0x00BF, 0x2310, 0x00AC, 0x00BD, 0x00BC, 0x00A1, 0x00AB, 0x00A4,
        0x2591, 0x2592, 0x2593, 0x2502, 0x2524, 0x2561, 0x2562, 0x2556, 0x2555, 0x2563, 0x2551, 0x2557, 0x255D, 0x255C, 0x255B, 0x2510,
        0x2514, 0x2534, 0x252C, 0x251C, 0x2500, 0x253C, 0x255E, 0x255F, 0x255A, 0x2554, 0x2569, 0x2566, 0x2560, 0x2550, 0x256C, 0x2567,
        0x2568, 0x2564, 0x2565, 0x2559, 0x2558, 0x2552, 0x2553, 0x256B, 0x256A, 0x2518, 0x250C, 0x2588, 0x2584, 0x258C, 0x2590, 0x2580,
        0x03B1, 0x00DF, 0x0393, 0x03C0, 0x03A3, 0x03C3, 0x00B5, 0x03C4, 0x03A6, 0x0398, 0x03A9, 0x03B4, 0x221E, 0x03C6, 0x03B5, 0x2229,
        0x2261, 0x00B1, 0x2265, 0x2264, 0x2320, 0x2321, 0x00F7, 0x2248, 0x00B0, 0x2219, 0x00B7, 0x221A, 0x207F, 0x00B2, 0x25A0, 0x00A0,
      };

      // 866 IBM866 OEM Russian
      constexpr unsigned short OEM866Table[256] = {
        0x0000, 0x0001, 0x0002, 0x0003, 0x0004, 0x0005, 0x0006, 0x0007, 0x0008, 0x0009, 0x000A, 0x000B, 0x000C, 0x000D, 0x000E, 0x000F,
        0x0010, 0x0011, 0x0012, 0x0013, 0x0014, 0x0015, 0x0016, 0x0017, 0x0018, 0x0019, 0x001A, 0x001B, 0x001C, 0x001D, 0x001E, 0x001F,
        0x0020, 0x0021, 0x0022, 0x0023, 0x0024, 0x0025, 0x0026, 0x0027, 0x0028, 0x0029, 0x002A, 0x002B, 0x002C, 0x002D, 0x002E, 0x002F,
        0x0030, 0x0031, 0x0032, 0x0033, 0x0034, 0x0035, 0x0036, 0x0037, 0x0038, 0x0039, 0x003A, 0x003B, 0x003C, 0x003D, 0x003E, 0x003F,
        0x0040, 0x0041, 0x0042, 0x0043, 0x0044, 0x0045, 0x0046, 0x0047, 0x0048, 0x0049, 0x004A, 0x004B, 0x004C, 0x004D, 0x004E, 0x004F,
        0x0050, 0x0051, 0x0052, 0x0053, 0x0054, 0x0055, 0x0056, 0x0057, 0x0058, 0x0059, 0x005A, 0x005B, 0x005C, 0x005D, 0x005E, 0x005F,
        0x0060, 0x0061, 0x0062, 0x0063, 0x0064, 0x0065, 0x0066, 0x0067, 0x0068, 0x0069, 0x006A, 0x006B, 0x006C, 0x006D, 0x006E, 0x006F,
        0x0070, 0x0071, 0x0072, 0x0073, 0x0074, 0x0075, 0x0076, 0x0077, 0x0078, 0x0079, 0x007A, 0x007B, 0x007C, 0x007D, 0x007E, 0x007F,
        0x0410, 0x0411, 0x0412, 0x0413, 0x0414, 0x0415, 0x0416, 0x0417, 0x0418, 0x0419, 0x041A, 0x041B, 0x041C, 0x041D, 0x041E, 0x041F,
        0x0420, 0x0421, 0x0422, 0x0423, 0x0424, 0x0425, 0x0426, 0x0427, 0x0428, 0x0429, 0x042A, 0x042B, 0x042C, 0x042D, 0x042E, 0x042F,
        0x0430, 0x0431, 0x0432, 0x0433, 0x0434, 0x0435, 0x0436, 0x0437, 0x0438, 0x0439, 0x043A, 0x043B, 0x043C, 0x043D, 0x043E, 0x043F,
        0x2591, 0x2592, 0x2593, 0x2502, 0x2524, 0x2561, 0x2562, 0x2556, 0x2555, 0x2563, 0x2551, 0x2557, 0x255D, 0x255C, 0x255B, 0x2510,
        0x2514, 0x2534, 0x252C, 0x251C, 0x2500, 0x253C, 0x255E, 0x255F, 0x255A, 0x2554, 0x2569, 0x2566, 0x2560, 0x2550, 0x256C, 0x2567,
        0x2568, 0x2564, 0x2565, 0x2559, 0x2558, 0x2552, 0x2553, 0x256B, 0x256A, 0x2518, 0x250C, 0x2588, 0x2584, 0x258C, 0x2590, 0x2580,
        0x0440, 0x0441, 0x0442, 0x0443, 0x0444, 0x0445, 0x0446, 0x0447, 0x0448, 0x0449, 0x044A, 0x044B, 0x044C, 0x044D, 0x044E, 0x044F,
        0x0401, 0x0451, 0x0404, 0x0454, 0x0407, 0x0457, 0x040E, 0x045E, 0x00B0, 0x2219, 0x00B7, 0x221A, 0x2116, 0x00A4, 0x25A0, 0x00A0,
      };

      // 869 IBM869 OEM Modern Greek
      constexpr unsigned short OEM869Table[256] = {
        0x0000, 0x0001, 0x0002, 0x0003, 0x0004, 0x0005, 0x0006, 0x0007, 0x0008, 0x0009, 0x000A, 0x000B, 0x000C, 0x000D, 0x000E, 0x000F,
        0x0010, 0x0011, 0x0012, 0x0013, 0x0014, 0x0015, 0x0016, 0x0017, 0x0018, 0x0019, 0x001A, 0x001B, 0x001C, 0x001D, 0x001E, 0x001F,
        0x0020, 0x0021, 0x0022, 0x0023, 0x0024, 0x0025, 0x0026, 0x0027, 0x0028, 0x0029, 0x002A, 0x002B, 0x002C, 0x002D, 0x002E, 0x002F,
        0x0030, 0x0031, 0x0032, 0x0033, 0x0034, 0x0035, 0x0036, 0x0037, 0x0038, 0x0039, 0x003A, 0x003B, 0x003C, 0x003D, 0x003E, 0x003F,
        0x0040, 0x0041, 0x0042, 0x0043, 0x0044, 0x0045, 0x0046, 0x0047, 0x0048, 0x0049, 0x004A, 0x004B, 0x004C, 0x004D, 0x004E, 0x004F,
        0x0050, 0x0051, 0x0052, 0x0053, 0x0054, 0x0055, 0x0056, 0x0057, 0x0058, 0x0059, 0x005A, 0x005B, 0x005C, 0x005D, 0x005E, 0x005F,
        0x0060, 0x0061, 0x0062, 0x0063, 0x0064, 0x0065, 0x0066, 0x0067, 0x0068, 0x0069, 0x006A, 0x006B, 0x006C, 0x006D, 0x006E, 0x006F,
        0x0070, 0x0071, 0x0072, 0x0073, 0x0074, 0x0075, 0x0076, 0x0077, 0x0078, 0x0079, 0x007A, 0x007B, 0x007C, 0x007D, 0x007E, 0x007F,
        0x0080, 0x0081, 0x0082, 0x0083, 0x0084, 0x0085, 0x0386, 0x0087, 0x00B7, 0x00AC, 0x00A6, 0x2018, 0x2019, 0x0388, 0x2015, 0x0389,
        0x038A, 0x03AA, 0x038C, 0x0093, 0x0094, 0x038E, 0x03AB, 0x00A9, 0x038F, 0x00B2, 0x00B3, 0x03AC, 0x00A3, 0x03AD, 0x03AE, 0x03AF,
        0x03CA, 0x0390, 0x03CC, 0x03CD, 0x0391, 0x0392, 0x0393, 0x0394, 0x0395, 0x0396, 0x0397, 0x00BD, 0x0398, 0x0399, 0x00AB, 0x00BB,
        0x2591, 0x2592, 0x2593, 0x2502, 0x2524, 0x039A, 0x039B, 0x039C, 0x039D, 0x2563, 0x2551, 0x2557, 0x255D, 0x039E, 0x039F, 0x2510,
        0x2514, 0x2534, 0x252C, 0x251C, 0x2500, 0x253C, 0x03A0, 0x03A1, 0x255A, 0x2554, 0x2569, 0x2566, 0x2560, 0x2550, 0x256C, 0x03A3,
        0x03A4, 0x03A5, 0x03A6, 0x03A7, 0x03A8, 0x03A9, 0x03B1, 0x03B2, 0x03B3, 0x2518, 0x250C, 0x2588, 0x2584, 0x03B4, 0x03B5, 0x2580,
        0x03B6, 0x03B7, 0x03B8, 0x03B9, 0x03BA, 0x03BB, 0x03BC, 0x03BD, 0x03BE, 0x03BF, 0x03C0, 0x03C1, 0x03C3, 0x03C2, 0x03C4, 0x0384,
        0x00AD, 0x00B1, 0x03C5, 0x03C6, 0x03C7, 0x00A7, 0x03C8, 0x0385, 0x00B0, 0x00A8, 0x03C9, 0x03CB, 0x03B0, 0x03CE, 0x25A0, 0x00A0,
      };

      // 874 Thai (Windows-874)
      constexpr unsigned short Thai874Table[256] = {
        0x0000, 0x0001, 0x0002, 0x0003, 0x0004, 0x0005, 0x0006, 0x0007, 0x0008, 0x0009, 0x000A, 0x000B, 0x000C, 0x000D, 0x000E, 0x000F,
        0x0010, 0x0011, 0x0012, 0x0013, 0x0014, 0x0015, 0x0016, 0x0017, 0x0018, 0x0019, 0x001A, 0x001B, 0x001C, 0x001D, 0x001E, 0x001F,
        0x0020, 0x0021, 0x0022, 0x0023, 0x0024, 0x0025, 0x0026, 0x0027, 0x0028, 0x0029, 0x002A, 0x002B, 0x002C, 0x002D, 0x002E, 0x002F,
        0x0030, 0x0031, 0x0032, 0x0033, 0x0034, 0x0035, 0x0036, 0x0037, 0x0038, 0x0039, 0x003A, 0x003B, 0x003C, 0x003D, 0x003E, 0x003F,
        0x0040, 0x0041, 0x0042, 0x0043, 0x0044, 0x0045, 0x0046, 0x0047, 0x0048, 0x0049, 0x004A, 0x004B, 0x004C, 0x004D, 0x004E, 0x004F,
        0x0050, 0x0051, 0x0052, 0x0053, 0x0054, 0x0055, 0x0056, 0x0057, 0x0058, 0x0059, 0x005A, 0x005B, 0x005C, 0x005D, 0x005E, 0x005F,
        0x0060, 0x0061, 0x0062, 0x0063, 0x0064, 0x0065, 0x0066, 0x0067, 0x0068, 0x0069, 0x006A, 0x006B, 0x006C, 0x006D, 0x006E, 0x006F,
        0x0070, 0x0071, 0x0072, 0x0073, 0x0074, 0x0075, 0x0076, 0x0077, 0x0078, 0x0079, 0x007A, 0x007B, 0x007C, 0x007D, 0x007E, 0x007F,
        0x20AC, 0x0081, 0x0082, 0x0083, 0x0084, 0x2026, 0x0086, 0x0087, 0x0088, 0x0089, 0x008A, 0x008B, 0x008C, 0x008D, 0x008E, 0x008F,
        0x0090, 0x2018, 0x2019, 0x201C, 0x201D, 0x2022, 0x2013, 0x2014, 0x0098, 0x0099, 0x009A, 0x009B, 0x009C, 0x009D, 0x009E, 0x009F,
        0x00A0, 0x0E01, 0x0E02, 0x0E03, 0x0E04, 0x0E05, 0x0E06, 0x0E07, 0x0E08, 0x0E09, 0x0E0A, 0x0E0B, 0x0E0C, 0x0E0D, 0x0E0E, 0x0E0F,
        0x0E10, 0x0E11, 0x0E12, 0x0E13, 0x0E14, 0x0E15, 0x0E16, 0x0E17, 0x0E18, 0x0E19, 0x0E1A, 0x0E1B, 0x0E1C, 0x0E1D, 0x0E1E, 0x0E1F,
        0x0E20, 0x0E21, 0x0E22, 0x0E23, 0x0E24, 0x0E25, 0x0E26, 0x0E27, 0x0E28, 0x0E29, 0x0E2A, 0x0E2B, 0x0E2C, 0x0E2D, 0x0E2E, 0x0E2F,
        0x0E30, 0x0E31, 0x0E32, 0x0E33, 0x0E34, 0x0E35, 0x0E36, 0x0E37, 0x0E38, 0x0E39, 0x0E3A, 0xFFFD, 0xFFFD, 0xFFFD, 0xFFFD, 0x0E3F,
        0x0E40, 0x0E41, 0x0E42, 0x0E43, 0x0E44, 0x0E45, 0x0E46, 0x0E47, 0x0E48, 0x0E49, 0x0E4A, 0x0E4B, 0x0E4C, 0x0E4D, 0x0E4E, 0x0E4F,
        0x0E50, 0x0E51, 0x0E52, 0x0E53, 0x0E54, 0x0E55, 0x0E56, 0x0E57, 0x0E58, 0x0E59, 0x0E5A, 0x0E5B, 0xFFFD, 0xFFFD, 0xFFFD, 0xFFFD,
      };

      // 875 IBM875 IBM EBCDIC Greek
      constexpr unsigned short OEM875Table[256] = {
        0x0000, 0x0001, 0x0002, 0x0003, 0x009C, 0x0009, 0x0086, 0x007F, 0x0097, 0x008D, 0x008E, 0x000B, 0x000C, 0x000D, 0x000E, 0x000F,
        0x0010, 0x0011, 0x0012, 0x0013, 0x009D, 0x0085, 0x0008, 0x0087, 0x0018, 0x0019, 0x0092, 0x008F, 0x001C, 0x001D, 0x001E, 0x001F,
        0x0080, 0x0081, 0x0082, 0x0083, 0x0084, 0x000A, 0x0017, 0x001B, 0x0088, 0x0089, 0x008A, 0x008B, 0x008C, 0x0005, 0x0006, 0x0007,
        0x0090, 0x0091, 0x0016, 0x0093, 0x0094, 0x0095, 0x0096, 0x0004, 0x0098, 0x0099, 0x009A, 0x009B, 0x0014, 0x0015, 0x009E, 0x001A,
        0x0020, 0x0391, 0x0392, 0x0393, 0x0394, 0x0395, 0x0396, 0x0397, 0x0398, 0x0399, 0x005B, 0x002E, 0x003C, 0x0028, 0x002B, 0x0021,
        0x0026, 0x039A, 0x039B, 0x039C, 0x039D, 0x039E, 0x039F, 0x03A0, 0x03A1, 0x03A3, 0x005D, 0x0024, 0x002A, 0x0029, 0x003B, 0x005E,
        0x002D, 0x002F, 0x03A4, 0x03A5, 0x03A6, 0x03A7, 0x03A8, 0x03A9, 0x03AA, 0x03AB, 0x007C, 0x002C, 0x0025, 0x005F, 0x003E, 0x003F,
        0x00A8, 0x0386, 0x0388, 0x0389, 0x00A0, 0x038A, 0x038C, 0x038E, 0x038F, 0x0060, 0x003A, 0x0023, 0x0040, 0x0027, 0x003D, 0x0022,
        0x0385, 0x0061, 0x0062, 0x0063, 0x0064, 0x0065, 0x0066, 0x0067, 0x0068, 0x0069, 0x03B1, 0x03B2, 0x03B3, 0x03B4, 0x03B5, 0x03B6,
        0x00B0, 0x006A, 0x006B, 0x006C, 0x006D, 0x006E, 0x006F, 0x0070, 0x0071, 0x0072, 0x03B7, 0x03B8, 0x03B9, 0x03BA, 0x03BB, 0x03BC,
        0x00B4, 0x007E, 0x0073, 0x0074, 0x0075, 0x0076, 0x0077, 0x0078, 0x0079, 0x007A, 0x03BD, 0x03BE, 0x03BF, 0x03C0, 0x03C1, 0x03C3,
        0x00A3, 0x03AC, 0x03AD, 0x03AE, 0x03CA, 0x03AF, 0x03CC, 0x03CD, 0x03CB, 0x03CE, 0x03C2, 0x03C4, 0x03C5, 0x03C6, 0x03C7, 0x03C8,
        0x007B, 0x0041, 0x0042, 0x0043, 0x0044, 0x0045, 0x0046, 0x0047, 0x0048, 0x0049, 0x00AD, 0x03C9, 0x0390, 0x03B0, 0x2018, 0x2015,
        0x007D, 0x004A, 0x004B, 0x004C, 0x004D, 0x004E, 0x004F, 0x0050, 0x0051, 0x0052, 0x00B1, 0x00BD, 0x001A, 0x0387, 0x2019, 0x00A6,
        0x005C, 0x001A, 0x0053, 0x0054, 0x0055, 0x0056, 0x0057, 0x0058, 0x0059, 0x005A, 0x00B2, 0x00A7, 0x001A, 0x001A, 0x00AB, 0x00AC,
        0x0030, 0x0031, 0x0032, 0x0033, 0x0034, 0x0035, 0x0036, 0x0037, 0x0038, 0x0039, 0x00B3, 0x00A9, 0x001A, 0x001A, 0x00BB, 0x009F,
      };

      // 1026 IBM1026 EBCDIC Turkish
      constexpr unsigned short EBCDIC1026Table[256] = {
        0x0000, 0x0001, 0x0002, 0x0003, 0x009C, 0x0009, 0x0086, 0x007F, 0x0097, 0x008D, 0x008E, 0x000B, 0x000C, 0x000D, 0x000E, 0x000F,
        0x0010, 0x0011, 0x0012, 0x0013, 0x009D, 0x0085, 0x0008, 0x0087, 0x0018, 0x0019, 0x0092, 0x008F, 0x001C, 0x001D, 0x001E, 0x001F,
        0x0080, 0x0081, 0x0082, 0x0083, 0x0084, 0x000A, 0x0017, 0x001B, 0x0088, 0x0089, 0x008A, 0x008B, 0x008C, 0x0005, 0x0006, 0x0007,
        0x0090, 0x0091, 0x0016, 0x0093, 0x0094, 0x0095, 0x0096, 0x0004, 0x0098, 0x0099, 0x009A, 0x009B, 0x0014, 0x0015, 0x009E, 0x001A,
        0x0020, 0x00A0, 0x00E2, 0x00E4, 0x00E0, 0x00E1, 0x00E3, 0x00E5, 0x007B, 0x00F1, 0x00C7, 0x002E, 0x003C, 0x0028, 0x002B, 0x0021,
        0x0026, 0x00E9, 0x00EA, 0x00EB, 0x00E8, 0x00ED, 0x00EE, 0x00EF, 0x00EC, 0x00DF, 0x011E, 0x0130, 0x002A, 0x0029, 0x003B, 0x005E,
        0x002D, 0x002F, 0x00C2, 0x00C4, 0x00C0, 0x00C1, 0x00C3, 0x00C5, 0x005B, 0x00D1, 0x015F, 0x002C, 0x0025, 0x005F, 0x003E, 0x003F,
        0x00F8, 0x00C9, 0x00CA, 0x00CB, 0x00C8, 0x00CD, 0x00CE, 0x00CF, 0x00CC, 0x0131, 0x003A, 0x00D6, 0x015E, 0x0027, 0x003D, 0x00DC,
        0x00D8, 0x0061, 0x0062, 0x0063, 0x0064, 0x0065, 0x0066, 0x0067, 0x0068, 0x0069, 0x00AB, 0x00BB, 0x007D, 0x0060, 0x00A6, 0x00B1,
        0x00B0, 0x006A, 0x006B, 0x006C, 0x006D, 0x006E, 0x006F, 0x0070, 0x0071, 0x0072, 0x00AA, 0x00BA, 0x00E6, 0x00B8, 0x00C6, 0x00A4,
        0x00B5, 0x00F6, 0x0073, 0x0074, 0x0075, 0x0076, 0x0077, 0x0078, 0x0079, 0x007A, 0x00A1, 0x00BF, 0x005D, 0x0024, 0x0040, 0x00AE,
        0x00A2, 0x00A3, 0x00A5, 0x00B7, 0x00A9, 0x00A7, 0x00B6, 0x00BC, 0x00BD, 0x00BE, 0x00AC, 0x007C, 0x00AF, 0x00A8, 0x00B4, 0x00D7,
        0x00E7, 0x0041, 0x0042, 0x0043, 0x0044, 0x0045, 0x0046, 0x0047, 0x0048, 0x0049, 0x00AD, 0x00F4, 0x007E, 0x00F2, 0x00F3, 0x00F5,
        0x011F, 0x004A, 0x004B, 0x004C, 0x004D, 0x004E, 0x004F, 0x0050, 0x0051, 0x0052, 0x00B9, 0x00FB, 0x005C, 0x00F9, 0x00FA, 0x00FF,
        0x00FC, 0x00F7, 0x0053, 0x0054, 0x0055, 0x0056, 0x0057, 0x0058, 0x0059, 0x005A, 0x00B2, 0x00D4, 0x0023, 0x00D2, 0x00D3, 0x00D5,
        0x0030, 0x0031, 0x0032, 0x0033, 0x0034, 0x0035, 0x0036, 0x0037, 0x0038, 0x0039, 0x00B3, 0x00DB, 0x0022, 0x00D9, 0x00DA, 0x009F,
      };

      // 1047 IBM1047 EBCDIC Latin 1/Open System
      constexpr unsigned short EBCDIC1047Table[256] = {
        0x0000, 0x0001, 0x0002, 0x0003, 0x009C, 0x0009, 0x0086, 0x007F, 0x0097, 0x008D, 0x008E, 0x000B, 0x000C, 0x000D, 0x000E, 0x000F,
        0x0010, 0x0011, 0x0012, 0x0013, 0x009D, 0x0085, 0x0008, 0x0087, 0x0018, 0x0019, 0x0092, 0x008F, 0x001C, 0x001D, 0x001E, 0x001F,
        0x0080, 0x0081, 0x0082, 0x0083, 0x0084, 0x000A, 0x0017, 0x001B, 0x0088, 0x0089, 0x008A, 0x008B, 0x008C, 0x0005, 0x0006, 0x0007,
        0x0090, 0x0091, 0x0016, 0x0093, 0x0094, 0x0095, 0x0096, 0x0004, 0x0098, 0x0099, 0x009A, 0x009B, 0x0014, 0x0015, 0x009E, 0x001A,
        0x0020, 0x00A0, 0x00E2, 0x00E4, 0x00E0, 0x00E1, 0x00E3, 0x00E5, 0x00E7, 0x00F1, 0x00A2, 0x002E, 0x003C, 0x0028, 0x002B, 0x007C,
        0x0026, 0x00E9, 0x00EA, 0x00EB, 0x00E8, 0x00ED, 0x00EE, 0x00EF, 0x00EC, 0x00DF, 0x0021, 0x0024, 0x002A, 0x0029, 0x003B, 0x005E,
        0x002D, 0x002F, 0x00C2, 0x00C4, 0x00C0, 0x00C1, 0x00C3, 0x00C5, 0x00C7, 0x00D1, 0x00A6, 0x002C, 0x0025, 0x005F, 0x003E, 0x003F,
        0x00F8, 0x00C9, 0x00CA, 0x00CB, 0x00C8, 0x00CD, 0x00CE, 0x00CF, 0x00CC, 0x0060, 0x003A, 0x0023, 0x0040, 0x0027, 0x003D, 0x0022,
        0x00D8, 0x0061, 0x0062, 0x0063, 0x0064, 0x0065, 0x0066, 0x0067, 0x0068, 0x0069, 0x00AB, 0x00BB, 0x00F0, 0x00FD, 0x00FE, 0x00B1,
        0x00B0, 0x006A, 0x006B, 0x006C, 0x006D, 0x006E, 0x006F, 0x0070, 0x0071, 0x0072, 0x00AA, 0x00BA, 0x00E6, 0x00B8, 0x00C6, 0x00A4,
        0x00B5, 0x007E, 0x0073, 0x0074, 0x0075, 0x0076, 0x0077, 0x0078, 0x0079, 0x007A, 0x00A1, 0x00BF, 0x00D0, 0x005B, 0x00DE, 0x00AE,
        0x00AC, 0x00A3, 0x00A5, 0x00B7, 0x00A9, 0x00A7, 0x00B6, 0x00BC, 0x00BD, 0x00BE, 0x00DD, 0x00A8, 0x00AF, 0x005D, 0x00B4, 0x00D7,
        0x007B, 0x0041, 0x0042, 0x0043, 0x0044, 0x0045, 0x0046, 0x0047, 0x0048, 0x0049, 0x00AD, 0x00F4, 0x00F6, 0x00F2, 0x00F3, 0x00F5,
        0x007D, 0x004A, 0x004B, 0x004C, 0x004D, 0x004E, 0x004F, 0x0050, 0x0051, 0x0052, 0x00B9, 0x00FB, 0x00FC, 0x00F9, 0x00FA, 0x00FF,
        0x005C, 0x00F7, 0x0053, 0x0054, 0x0055, 0x0056, 0x0057, 0x0058, 0x0059, 0x005A, 0x00B2, 0x00D4, 0x00D6, 0x00D2, 0x00D3, 0x00D5,
        0x0030, 0x0031, 0x0032, 0x0033, 0x0034, 0x0035, 0x0036, 0x0037, 0x0038, 0x0039, 0x00B3, 0x00DB, 0x00DC, 0x00D9, 0x00DA, 0x009F,
      };

      // 1140 IBM037 EBCDIC US-Canada with Euro
      constexpr unsigned short EBCDIC1140Table[256] = {
        0x0000, 0x0001, 0x0002, 0x0003, 0x009C, 0x0009, 0x0086, 0x007F, 0x0097, 0x008D, 0x008E, 0x000B, 0x000C, 0x000D, 0x000E, 0x000F,
        0x0010, 0x0011, 0x0012, 0x0013, 0x009D, 0x0085, 0x0008, 0x0087, 0x0018, 0x0019, 0x0092, 0x008F, 0x001C, 0x001D, 0x001E, 0x001F,
        0x0080, 0x0081, 0x0082, 0x0083, 0x0084, 0x000A, 0x0017, 0x001B, 0x0088, 0x0089, 0x008A, 0x008B, 0x008C, 0x0005, 0x0006, 0x0007,
        0x0090, 0x0091, 0x0016, 0x0093, 0x0094, 0x0095, 0x0096, 0x0004, 0x0098, 0x0099, 0x009A, 0x009B, 0x0014, 0x0015, 0x009E, 0x001A,
        0x0020, 0x00A0, 0x00E2, 0x00E4, 0x00E0, 0x00E1, 0x00E3, 0x00E5, 0x00E7, 0x00F1, 0x00A2, 0x002E, 0x003C, 0x0028, 0x002B, 0x007C,
        0x0026, 0x00E9, 0x00EA, 0x00EB, 0x00E8, 0x00ED, 0x00EE, 0x00EF, 0x00EC, 0x00DF, 0x0021, 0x0024, 0x002A, 0x0029, 0x003B, 0x00AC,
        0x002D, 0x002F, 0x00C2, 0x00C4, 0x00C0, 0x00C1, 0x00C3, 0x00C5, 0x00C7, 0x00D1, 0x00A6, 0x002C, 0x0025, 0x005F, 0x003E, 0x003F,
        0x00F8, 0x00C9, 0x00CA, 0x00CB, 0x00C8, 0x00CD, 0x00CE, 0x00CF, 0x00CC, 0x0060, 0x003A, 0x0023, 0x0040, 0x0027, 0x003D, 0x0022,
        0x00D8, 0x0061, 0x0062, 0x0063, 0x0064, 0x0065, 0x0066, 0x0067, 0x0068, 0x0069, 0x00AB, 0x00BB, 0x00F0, 0x00FD, 0x00FE, 0x00B1,
        0x00B0, 0x006A, 0x006B, 0x006C, 0x006D, 0x006E, 0x006F, 0x0070, 0x0071, 0x0072, 0x00AA, 0x00BA, 0x00E6, 0x00B8, 0x00C6, 0x20AC,
        0x00B5, 0x007E, 0x0073, 0x0074, 0x0075, 0x0076, 0x0077, 0x0078, 0x0079, 0x007A, 0x00A1, 0x00BF, 0x00D0, 0x00DD, 0x00DE, 0x00AE,
        0x005E, 0x00A3, 0x00A5, 0x00B7, 0x00A9, 0x00A7, 0x00B6, 0x00BC, 0x00BD, 0x00BE, 0x005B, 0x005D, 0x00AF, 0x00A8, 0x00B4, 0x00D7,
        0x007B, 0x0041, 0x0042, 0x0043, 0x0044, 0x0045, 0x0046, 0x0047, 0x0048, 0x0049, 0x00AD, 0x00F4, 0x00F6, 0x00F2, 0x00F3, 0x00F5,
        0x007D, 0x004A, 0x004B, 0x004C, 0x004D, 0x004E, 0x004F, 0x0050, 0x0051, 0x0052, 0x00B9, 0x00FB, 0x00FC, 0x00F9, 0x00FA, 0x00FF,
        0x005C, 0x00F7, 0x0053, 0x0054, 0x0055, 0x0056, 0x0057, 0x0058, 0x0059, 0x005A, 0x00B2, 0x00D4, 0x00D6, 0x00D2, 0x00D3, 0x00D5,
        0x0030, 0x0031, 0x0032, 0x0033, 0x0034, 0x0035, 0x0036, 0x0037, 0x0038, 0x0039, 0x00B3, 0x00DB, 0x00DC, 0x00D9, 0x00DA, 0x009F,
      };

      // 1141 IBM273 EBCDIC Germany with Euro
      constexpr unsigned short EBCDIC1141Table[256] = {
        0x0000, 0x0001, 0x0002, 0x0003, 0x009C, 0x0009, 0x0086, 0x007F, 0x0097, 0x008D, 0x008E, 0x000B, 0x000C, 0x000D, 0x000E, 0x000F,
        0x0010, 0x0011, 0x0012, 0x0013, 0x009D, 0x0085, 0x0008, 0x0087, 0x0018, 0x0019, 0x0092, 0x008F, 0x001C, 0x001D, 0x001E, 0x001F,
        0x0080, 0x0081, 0x0082, 0x0083, 0x0084, 0x000A, 0x0017, 0x001B, 0x0088, 0x0089, 0x008A, 0x008B, 0x008C, 0x0005, 0x0006, 0x0007,
        0x0090, 0x0091, 0x0016, 0x0093, 0x0094, 0x0095, 0x0096, 0x0004, 0x0098, 0x0099, 0x009A, 0x009B, 0x0014, 0x0015, 0x009E, 0x001A,
        0x0020, 0x00A0, 0x00E2, 0x007B, 0x00E0, 0x00E1, 0x00E3, 0x00E5, 0x00E7, 0x00F1, 0x00C4, 0x002E, 0x003C, 0x0028, 0x002B, 0x0021,
        0x0026, 0x00E9, 0x00EA, 0x00EB, 0x00E8, 0x00ED, 0x00EE, 0x00EF, 0x00EC, 0x007E, 0x00DC, 0x0024, 0x002A, 0x0029, 0x003B, 0x005E,
        0x002D, 0x002F, 0x00C2, 0x005B, 0x00C0, 0x00C1, 0x00C3, 0x00C5, 0x00C7, 0x00D1, 0x00F6, 0x002C, 0x0025, 0x005F, 0x003E, 0x003F,
        0x00F8, 0x00C9, 0x00CA, 0x00CB, 0x00C8, 0x00CD, 0x00CE, 0x00CF, 0x00CC, 0x0060, 0x003A, 0x0023, 0x00A7, 0x0027, 0x003D, 0x0022,
        0x00D8, 0x0061, 0x0062, 0x0063, 0x0064, 0x0065, 0x0066, 0x0067, 0x0068, 0x0069, 0x00AB, 0x00BB, 0x00F0, 0x00FD, 0x00FE, 0x00B1,
        0x00B0, 0x006A, 0x006B, 0x006C, 0x006D, 0x006E, 0x006F, 0x0070, 0x0071, 0x0072, 0x00AA, 0x00BA, 0x00E6, 0x00B8, 0x00C6, 0x20AC,
        0x00B5, 0x00DF, 0x0073, 0x0074, 0x0075, 0x0076, 0x0077, 0x0078, 0x0079, 0x007A, 0x00A1, 0x00BF, 0x00D0, 0x00DD, 0x00DE, 0x00AE,
        0x00A2, 0x00A3, 0x00A5, 0x00B7, 0x00A9, 0x0040, 0x00B6, 0x00BC, 0x00BD, 0x00BE, 0x00AC, 0x007C, 0x00AF, 0x00A8, 0x00B4, 0x00D7,
        0x00E4, 0x0041, 0x0042, 0x0043, 0x0044, 0x0045, 0x0046, 0x0047, 0x0048, 0x0049, 0x00AD, 0x00F4, 0x00A6, 0x00F2, 0x00F3, 0x00F5,
        0x00FC, 0x004A, 0x004B, 0x004C, 0x004D, 0x004E, 0x004F, 0x0050, 0x0051, 0x0052, 0x00B9, 0x00FB, 0x007D, 0x00F9, 0x00FA, 0x00FF,
        0x00D6, 0x00F7, 0x0053, 0x0054, 0x0055, 0x0056, 0x0057, 0x0058, 0x0059, 0x005A, 0x00B2, 0x00D4, 0x005C, 0x00D2, 0x00D3, 0x00D5,
        0x0030, 0x0031, 0x0032, 0x0033, 0x0034, 0x0035, 0x0036, 0x0037, 0x0038, 0x0039, 0x00B3, 0x00DB, 0x005D, 0x00D9, 0x00DA, 0x009F,
      };

      // 1142 IBM277 EBCDIC Denmark-Norway with Euro
      constexpr unsigned short EBCDIC1142Table[256] = {
        0x0000, 0x0001, 0x0002, 0x0003, 0x009C, 0x0009, 0x0086, 0x007F, 0x0097, 0x008D, 0x008E, 0x000B, 0x000C, 0x000D, 0x000E, 0x000F,
        0x0010, 0x0011, 0x0012, 0x0013, 0x009D, 0x0085, 0x0008, 0x0087, 0x0018, 0x0019, 0x0092, 0x008F, 0x001C, 0x001D, 0x001E, 0x001F,
        0x0080, 0x0081, 0x0082, 0x0083, 0x0084, 0x000A, 0x0017, 0x001B, 0x0088, 0x0089, 0x008A, 0x008B, 0x008C, 0x0005, 0x0006, 0x0007,
        0x0090, 0x0091, 0x0016, 0x0093, 0x0094, 0x0095, 0x0096, 0x0004, 0x0098, 0x0099, 0x009A, 0x009B, 0x0014, 0x0015, 0x009E, 0x001A,
        0x0020, 0x00A0, 0x00E2, 0x00E4, 0x00E0, 0x00E1, 0x00E3, 0x007D, 0x00E7, 0x00F1, 0x0023, 0x002E, 0x003C, 0x0028, 0x002B, 0x0021,
        0x0026, 0x00E9, 0x00EA, 0x00EB, 0x00E8, 0x00ED, 0x00EE, 0x00EF, 0x00EC, 0x00DF, 0x00A4, 0x00C5, 0x002A, 0x0029, 0x003B, 0x005E,
        0x002D, 0x002F, 0x00C2, 0x00C4, 0x00C0, 0x00C1, 0x00C3, 0x0024, 0x00C7, 0x00D1, 0x00F8, 0x002C, 0x0025, 0x005F, 0x003E, 0x003F,
        0x00A6, 0x00C9, 0x00CA, 0x00CB, 0x00C8, 0x00CD, 0x00CE, 0x00CF, 0x00CC, 0x0060, 0x003A, 0x00C6, 0x00D8, 0x0027, 0x003D, 0x0022,
        0x0040, 0x0061, 0x0062, 0x0063, 0x0064, 0x0065, 0x0066, 0x0067, 0x0068, 0x0069, 0x00AB, 0x00BB, 0x00F0, 0x00FD, 0x00FE, 0x00B1,
        0x00B0, 0x006A, 0x006B, 0x006C, 0x006D, 0x006E, 0x006F, 0x0070, 0x0071, 0x0072, 0x00AA, 0x00BA, 0x007B, 0x00B8, 0x005B, 0x20AC,
        0x00B5, 0x00FC, 0x0073, 0x0074, 0x0075, 0x0076, 0x0077, 0x0078, 0x0079, 0x007A, 0x00A1, 0x00BF, 0x00D0, 0x00DD, 0x00DE, 0x00AE,
        0x00A2, 0x00A3, 0x00A5, 0x00B7, 0x00A9, 0x00A7, 0x00B6, 0x00BC, 0x00BD, 0x00BE, 0x00AC, 0x007C, 0x00AF, 0x00A8, 0x00B4, 0x00D7,
        0x00E6, 0x0041, 0x0042, 0x0043, 0x0044, 0x0045, 0x0046, 0x0047, 0x0048, 0x0049, 0x00AD, 0x00F4, 0x00F6, 0x00F2, 0x00F3, 0x00F5,
        0x00E5, 0x004A, 0x004B, 0x004C, 0x004D, 0x004E, 0x004F, 0x0050, 0x0051, 0x0052, 0x00B9, 0x00FB, 0x007E, 0x00F9, 0x00FA, 0x00FF,
        0x005C, 0x00F7, 0x0053, 0x0054, 0x0055, 0x0056, 0x0057, 0x0058, 0x0059, 0x005A, 0x00B2, 0x00D4, 0x00D6, 0x00D2, 0x00D3, 0x00D5,
        0x0030, 0x0031, 0x0032, 0x0033, 0x0034, 0x0035, 0x0036, 0x0037, 0x0038, 0x0039, 0x00B3, 0x00DB, 0x00DC, 0x00D9, 0x00DA, 0x009F,
      };

      // 1143 IBM278 EBCDIC Finland-Sweden with Euro
      constexpr unsigned short EBCDIC1143Table[256] = {
        0x0000, 0x0001, 0x0002, 0x0003, 0x009C, 0x0009, 0x0086, 0x007F, 0x0097, 0x008D, 0x008E, 0x000B, 0x000C, 0x000D, 0x000E, 0x000F,
        0x0010, 0x0011, 0x0012, 0x0013, 0x009D, 0x0085, 0x0008, 0x0087, 0x0018, 0x0019, 0x0092, 0x008F, 0x001C, 0x001D, 0x001E, 0x001F,
        0x0080, 0x0081, 0x0082, 0x0083, 0x0084, 0x000A, 0x0017, 0x001B, 0x0088, 0x0089, 0x008A, 0x008B, 0x008C, 0x0005, 0x0006, 0x0007,
        0x0090, 0x0091, 0x0016, 0x0093, 0x0094, 0x0095, 0x0096, 0x0004, 0x0098, 0x0099, 0x009A, 0x009B, 0x0014, 0x0015, 0x009E, 0x001A,
        0x0020, 0x00A0, 0x00E2, 0x007B, 0x00E0, 0x00E1, 0x00E3, 0x007D, 0x00E7, 0x00F1, 0x00A7, 0x002E, 0x003C, 0x0028, 0x002B, 0x0021,
        0x0026, 0x0060, 0x00EA, 0x00EB, 0x00E8, 0x00ED, 0x00EE, 0x00EF, 0x00EC, 0x00DF, 0x00A4, 0x00C5, 0x002A, 0x0029, 0x003B, 0x005E,
        0x002D, 0x002F, 0x00C2, 0x0023, 0x00C0, 0x00C1, 0x00C3, 0x0024, 0x00C7, 0x00D1, 0x00F6, 0x002C, 0x0025, 0x005F, 0x003E, 0x003F,
        0x00F8, 0x00C9, 0x00CA, 0x00CB, 0x00C8, 0x00CD, 0x00CE, 0x00CF, 0x00CC, 0x00E9, 0x003A, 0x00C4, 0x00D6, 0x0027, 0x003D, 0x0022,
        0x00D8, 0x0061, 0x0062, 0x0063, 0x0064, 0x0065, 0x0066, 0x0067, 0x0068, 0x0069, 0x00AB, 0x00BB, 0x00F0, 0x00FD, 0x00FE, 0x00B1,
        0x00B0, 0x006A, 0x006B, 0x006C, 0x006D, 0x006E, 0x006F, 0x0070, 0x0071, 0x0072, 0x00AA, 0x00BA, 0x00E6, 0x00B8, 0x00C6, 0x20AC,
        0x00B5, 0x00FC, 0x0073, 0x0074, 0x0075, 0x0076, 0x0077, 0x0078, 0x0079, 0x007A, 0x00A1, 0x00BF, 0x00D0, 0x00DD, 0x00DE, 0x00AE,
        0x00A2, 0x00A3, 0x00A5, 0x00B7, 0x00A9, 0x005B, 0x00B6, 0x00BC, 0x00BD, 0x00BE, 0x00AC, 0x007C, 0x00AF, 0x00A8, 0x00B4, 0x00D7,
        0x00E4, 0x0041, 0x0042, 0x0043, 0x0044, 0x0045, 0x0046, 0x0047, 0x0048, 0x0049, 0x00AD, 0x00F4, 0x00A6, 0x00F2, 0x00F3, 0x00F5,
        0x00E5, 0x004A, 0x004B, 0x004C, 0x004D, 0x004E, 0x004F, 0x0050, 0x0051, 0x0052, 0x00B9, 0x00FB, 0x007E, 0x00F9, 0x00FA, 0x00FF,
        0x005C, 0x00F7, 0x0053, 0x0054, 0x0055, 0x0056, 0x0057, 0x0058, 0x0059, 0x005A, 0x00B2, 0x00D4, 0x0040, 0x00D2, 0x00D3, 0x00D5,
        0x0030, 0x0031, 0x0032, 0x0033, 0x0034, 0x0035, 0x0036, 0x0037, 0x0038, 0x0039, 0x00B3, 0x00DB, 0x00DC, 0x00D9, 0x00DA, 0x009F,
      };

      // 1144 IBM280 EBCDIC Italy with Euro
      constexpr unsigned short EBCDIC1144Table[256] = {
        0x0000, 0x0001, 0x0002, 0x0003, 0x009C, 0x0009, 0x0086, 0x007F, 0x0097, 0x008D, 0x008E, 0x000B, 0x000C, 0x000D, 0x000E, 0x000F,
        0x0010, 0x0011, 0x0012, 0x0013, 0x009D, 0x0085, 0x0008, 0x0087, 0x0018, 0x0019, 0x0092, 0x008F, 0x001C, 0x001D, 0x001E, 0x001F,
        0x0080, 0x0081, 0x0082, 0x0083, 0x0084, 0x000A, 0x0017, 0x001B, 0x0088, 0x0089, 0x008A, 0x008B, 0x008C, 0x0005, 0x0006, 0x0007,
        0x0090, 0x0091, 0x0016, 0x0093, 0x0094, 0x0095, 0x0096, 0x0004, 0x0098, 0x0099, 0x009A, 0x009B, 0x0014, 0x0015, 0x009E, 0x001A,
        0x0020, 0x00A0, 0x00E2, 0x00E4, 0x007B, 0x00E1, 0x00E3, 0x00E5, 0x005C, 0x00F1, 0x00B0, 0x002E, 0x003C, 0x0028, 0x002B, 0x0021,
        0x0026, 0x005D, 0x00EA, 0x00EB, 0x007D, 0x00ED, 0x00EE, 0x00EF, 0x007E, 0x00DF, 0x00E9, 0x0024, 0x002A, 0x0029, 0x003B, 0x005E,
        0x002D, 0x002F, 0x00C2, 0x00C4, 0x00C0, 0x00C1, 0x00C3, 0x00C5, 0x00C7, 0x00D1, 0x00F2, 0x002C, 0x0025, 0x005F, 0x003E, 0x003F,
        0x00F8, 0x00C9, 0x00CA, 0x00CB, 0x00C8, 0x00CD, 0x00CE, 0x00CF, 0x00CC, 0x00F9, 0x003A, 0x00A3, 0x00A7, 0x0027, 0x003D, 0x0022,
        0x00D8, 0x0061, 0x0062, 0x0063, 0x0064, 0x0065, 0x0066, 0x0067, 0x0068, 0x0069, 0x00AB, 0x00BB, 0x00F0, 0x00FD, 0x00FE, 0x00B1,
        0x005B, 0x006A, 0x006B, 0x006C, 0x006D, 0x006E, 0x006F, 0x0070, 0x0071, 0x0072, 0x00AA, 0x00BA, 0x00E6, 0x00B8, 0x00C6, 0x20AC,
        0x00B5, 0x00EC, 0x0073, 0x0074, 0x0075, 0x0076, 0x0077, 0x0078, 0x0079, 0x007A, 0x00A1, 0x00BF, 0x00D0, 0x00DD, 0x00DE, 0x00AE,
        0x00A2, 0x0023, 0x00A5, 0x00B7, 0x00A9, 0x0040, 0x00B6, 0x00BC, 0x00BD, 0x00BE, 0x00AC, 0x007C, 0x00AF, 0x00A8, 0x00B4, 0x00D7,
        0x00E0, 0x0041, 0x0042, 0x0043, 0x0044, 0x0045, 0x0046, 0x0047, 0x0048, 0x0049, 0x00AD, 0x00F4, 0x00F6, 0x00A6, 0x00F3, 0x00F5,
        0x00E8, 0x004A, 0x004B, 0x004C, 0x004D, 0x004E, 0x004F, 0x0050, 0x0051, 0x0052, 0x00B9, 0x00FB, 0x00FC, 0x0060, 0x00FA, 0x00FF,
        0x00E7, 0x00F7, 0x0053, 0x0054, 0x0055, 0x0056, 0x0057, 0x0058, 0x0059, 0x005A, 0x00B2, 0x00D4, 0x00D6, 0x00D2, 0x00D3, 0x00D5,
        0x0030, 0x0031, 0x0032, 0x0033, 0x0034, 0x0035, 0x0036, 0x0037, 0x0038, 0x0039, 0x00B3, 0x00DB, 0x00DC, 0x00D9, 0x00DA, 0x009F,
      };

      // 1145 IBM284 EBCDIC Latin America-Spain with Euro
      constexpr unsigned short EBCDIC1145Table[256] = {
        0x0000, 0x0001, 0x0002, 0x0003, 0x009C, 0x0009, 0x0086, 0x007F, 0x0097, 0x008D, 0x008E, 0x000B, 0x000C, 0x000D, 0x000E, 0x000F,
        0x0010, 0x0011, 0x0012, 0x0013, 0x009D, 0x0085, 0x0008, 0x0087, 0x0018, 0x0019, 0x0092, 0x008F, 0x001C, 0x001D, 0x001E, 0x001F,
        0x0080, 0x0081, 0x0082, 0x0083, 0x0084, 0x000A, 0x0017, 0x001B, 0x0088, 0x0089, 0x008A, 0x008B, 0x008C, 0x0005, 0x0006, 0x0007,
        0x0090, 0x0091, 0x0016, 0x0093, 0x0094, 0x0095, 0x0096, 0x0004, 0x0098, 0x0099, 0x009A, 0x009B, 0x0014, 0x0015, 0x009E, 0x001A,
        0x0020, 0x00A0, 0x00E2, 0x00E4, 0x00E0, 0x00E1, 0x00E3, 0x00E5, 0x00E7, 0x00A6, 0x005B, 0x002E, 0x003C, 0x0028, 0x002B, 0x007C,
        0x0026, 0x00E9, 0x00EA, 0x00EB, 0x00E8, 0x00ED, 0x00EE, 0x00EF, 0x00EC, 0x00DF, 0x005D, 0x0024, 0x002A, 0x0029, 0x003B, 0x00AC,
        0x002D, 0x002F, 0x00C2, 0x00C4, 0x00C0, 0x00C1, 0x00C3, 0x00C5, 0x00C7, 0x0023, 0x00F1, 0x002C, 0x0025, 0x005F, 0x003E, 0x003F,
        0x00F8, 0x00C9, 0x00CA, 0x00CB, 0x00C8, 0x00CD, 0x00CE, 0x00CF, 0x00CC, 0x0060, 0x003A, 0x00D1, 0x0040, 0x0027, 0x003D, 0x0022,
        0x00D8, 0x0061, 0x0062, 0x0063, 0x0064, 0x0065, 0x0066, 0x0067, 0x0068, 0x0069, 0x00AB, 0x00BB, 0x00F0, 0x00FD, 0x00FE, 0x00B1,
        0x00B0, 0x006A, 0x006B, 0x006C, 0x006D, 0x006E, 0x006F, 0x0070, 0x0071, 0x0072, 0x00AA, 0x00BA, 0x00E6, 0x00B8, 0x00C6, 0x20AC,
        0x00B5, 0x00A8, 0x0073, 0x0074, 0x0075, 0x0076, 0x0077, 0x0078, 0x0079, 0x007A, 0x00A1, 0x00BF, 0x00D0, 0x00DD, 0x00DE, 0x00AE,
        0x00A2, 0x00A3, 0x00A5, 0x00B7, 0x00A9, 0x00A7, 0x00B6, 0x00BC, 0x00BD, 0x00BE, 0x005E, 0x0021, 0x00AF, 0x007E, 0x00B4, 0x00D7,
        0x007B, 0x0041, 0x0042, 0x0043, 0x0044, 0x0045, 0x0046, 0x0047, 0x0048, 0x0049, 0x00AD, 0x00F4, 0x00F6, 0x00F2, 0x00F3, 0x00F5,
        0x007D, 0x004A, 0x004B, 0x004C, 0x004D, 0x004E, 0x004F, 0x0050, 0x0051, 0x0052, 0x00B9, 0x00FB, 0x00FC, 0x00F9, 0x00FA, 0x00FF,
        0x005C, 0x00F7, 0x0053, 0x0054, 0x0055, 0x0056, 0x0057, 0x0058, 0x0059, 0x005A, 0x00B2, 0x00D4, 0x00D6, 0x00D2, 0x00D3, 0x00D5,
        0x0030, 0x0031, 0x0032, 0x0033, 0x0034, 0x0035, 0x0036, 0x0037, 0x0038, 0x0039, 0x00B3, 0x00DB, 0x00DC, 0x00D9, 0x00DA, 0x009F,
      };

      // 1146 IBM285 EBCDIC UK with Euro
      constexpr unsigned short EBCDIC1146Table[256] = {
        0x0000, 0x0001, 0x0002, 0x0003, 0x009C, 0x0009, 0x0086, 0x007F, 0x0097, 0x008D, 0x008E, 0x000B, 0x000C, 0x000D, 0x000E, 0x000F,
        0x0010, 0x0011, 0x0012, 0x0013, 0x009D, 0x0085, 0x0008, 0x0087, 0x0018, 0x0019, 0x0092, 0x008F, 0x001C, 0x001D, 0x001E, 0x001F,
        0x0080, 0x0081, 0x0082, 0x0083, 0x0084, 0x000A, 0x0017, 0x001B, 0x0088, 0x0089, 0x008A, 0x008B, 0x008C, 0x0005, 0x0006, 0x0007,
        0x0090, 0x0091, 0x0016, 0x0093, 0x0094, 0x0095, 0x0096, 0x0004, 0x0098, 0x0099, 0x009A, 0x009B, 0x0014, 0x0015, 0x009E, 0x001A,
        0x0020, 0x00A0, 0x00E2, 0x00E4, 0x00E0, 0x00E1, 0x00E3, 0x00E5, 0x00E7, 0x00F1, 0x0024, 0x002E, 0x003C, 0x0028, 0x002B, 0x007C,
        0x0026, 0x00E9, 0x00EA, 0x00EB, 0x00E8, 0x00ED, 0x00EE, 0x00EF, 0x00EC, 0x00DF, 0x0021, 0x00A3, 0x002A, 0x0029, 0x003B, 0x00AC,
        0x002D, 0x002F, 0x00C2, 0x00C4, 0x00C0, 0x00C1, 0x00C3, 0x00C5, 0x00C7, 0x00D1, 0x00A6, 0x002C, 0x0025, 0x005F, 0x003E, 0x003F,
        0x00F8, 0x00C9, 0x00CA, 0x00CB, 0x00C8, 0x00CD, 0x00CE, 0x00CF, 0x00CC, 0x0060, 0x003A, 0x0023, 0x0040, 0x0027, 0x003D, 0x0022,
        0x00D8, 0x0061, 0x0062, 0x0063, 0x0064, 0x0065, 0x0066, 0x0067, 0x0068, 0x0069, 0x00AB, 0x00BB, 0x00F0, 0x00FD, 0x00FE, 0x00B1,
        0x00B0, 0x006A, 0x006B, 0x006C, 0x006D, 0x006E, 0x006F, 0x0070, 0x0071, 0x0072, 0x00AA, 0x00BA, 0x00E6, 0x00B8, 0x00C6, 0x20AC,
        0x00B5, 0x203E, 0x0073, 0x0074, 0x0075, 0x0076, 0x0077, 0x0078, 0x0079, 0x007A, 0x00A1, 0x00BF, 0x00D0, 0x00DD, 0x00DE, 0x00AE,
        0x00A2, 0x005B, 0x00A5, 0x00B7, 0x00A9, 0x00A7, 0x00B6, 0x00BC, 0x00BD, 0x00BE, 0x005E, 0x005D, 0x007E, 0x00A8, 0x00B4, 0x00D7,
        0x007B, 0x0041, 0x0042, 0x0043, 0x0044, 0x0045, 0x0046, 0x0047, 0x0048, 0x0049, 0x00AD, 0x00F4, 0x00F6, 0x00F2, 0x00F3, 0x00F5,
        0x007D, 0x004A, 0x004B, 0x004C, 0x004D, 0x004E, 0x004F, 0x0050, 0x0051, 0x0052, 0x00B9, 0x00FB, 0x00FC, 0x00F9, 0x00FA, 0x00FF,
        0x005C, 0x00F7, 0x0053, 0x0054, 0x0055, 0x0056, 0x0057, 0x0058, 0x0059, 0x005A, 0x00B2, 0x00D4, 0x00D6, 0x00D2, 0x00D3, 0x00D5,
        0x0030, 0x0031, 0x0032, 0x0033, 0x0034, 0x0035, 0x0036, 0x0037, 0x0038, 0x0039, 0x00B3, 0x00DB, 0x00DC, 0x00D9, 0x00DA, 0x009F,
      };

      // 1147 IBM297 EBCDIC France with Euro
      constexpr unsigned short EBCDIC1147Table[256] = {
        0x0000, 0x0001, 0x0002, 0x0003, 0x009C, 0x0009, 0x0086, 0x007F, 0x0097, 0x008D, 0x008E, 0x000B, 0x000C, 0x000D, 0x000E, 0x000F,
        0x0010, 0x0011, 0x0012, 0x0013, 0x009D, 0x0085, 0x0008, 0x0087, 0x0018, 0x0019, 0x0092, 0x008F, 0x001C, 0x001D, 0x001E, 0x001F,
        0x0080, 0x0081, 0x0082, 0x0083, 0x0084, 0x000A, 0x0017, 0x001B, 0x0088, 0x0089, 0x008A, 0x008B, 0x008C, 0x0005, 0x0006, 0x0007,
        0x0090, 0x0091, 0x0016, 0x0093, 0x0094, 0x0095, 0x0096, 0x0004, 0x0098, 0x0099, 0x009A, 0x009B, 0x0014, 0x0015, 0x009E, 0x001A,
        0x0020, 0x00A0, 0x00E2, 0x00E4, 0x0040, 0x00E1, 0x00E3, 0x00E5, 0x005C, 0x00F1, 0x00B0, 0x002E, 0x003C, 0x0028, 0x002B, 0x0021,
        0x0026, 0x007B, 0x00EA, 0x00EB, 0x007D, 0x00ED, 0x00EE, 0x00EF, 0x00EC, 0x00DF, 0x00A7, 0x0024, 0x002A, 0x0029, 0x003B, 0x005E,
        0x002D, 0x002F, 0x00C2, 0x00C4, 0x00C0, 0x00C1, 0x00C3, 0x00C5, 0x00C7, 0x00D1, 0x00F9, 0x002C, 0x0025, 0x005F, 0x003E, 0x003F,
        0x00F8, 0x00C9, 0x00CA, 0x00CB, 0x00C8, 0x00CD, 0x00CE, 0x00CF, 0x00CC, 0x00B5, 0x003A, 0x00A3, 0x00E0, 0x0027, 0x003D, 0x0022,
        0x00D8, 0x0061, 0x0062, 0x0063, 0x0064, 0x0065, 0x0066, 0x0067, 0x0068, 0x0069, 0x00AB, 0x00BB, 0x00F0, 0x00FD, 0x00FE, 0x00B1,
        0x005B, 0x006A, 0x006B, 0x006C, 0x006D, 0x006E, 0x006F, 0x0070, 0x0071, 0x0072, 0x00AA, 0x00BA, 0x00E6, 0x00B8, 0x00C6, 0x20AC,
        0x0060, 0x00A8, 0x0073, 0x0074, 0x0075, 0x0076, 0x0077, 0x0078, 0x0079, 0x007A, 0x00A1, 0x00BF, 0x00D0, 0x00DD, 0x00DE, 0x00AE,
        0x00A2, 0x0023, 0x00A5, 0x00B7, 0x00A9, 0x005D, 0x00B6, 0x00BC, 0x00BD, 0x00BE, 0x00AC, 0x007C, 0x00AF, 0x007E, 0x00B4, 0x00D7,
        0x00E9, 0x0041, 0x0042, 0x0043, 0x0044, 0x0045, 0x0046, 0x0047, 0x0048, 0x0049, 0x00AD, 0x00F4, 0x00F6, 0x00F2, 0x00F3, 0x00F5,
        0x00E8, 0x004A, 0x004B, 0x004C, 0x004D, 0x004E, 0x004F, 0x0050, 0x0051, 0x0052, 0x00B9, 0x00FB, 0x00FC, 0x00A6, 0x00FA, 0x00FF,
        0x00E7, 0x00F7, 0x0053, 0x0054, 0x0055, 0x0056, 0x0057, 0x0058, 0x0059, 0x005A, 0x00B2, 0x00D4, 0x00D6, 0x00D2, 0x00D3, 0x00D5,
        0x0030, 0x0031, 0x0032, 0x0033, 0x0034, 0x0035, 0x0036, 0x0037, 0x0038, 0x0039, 0x00B3, 0x00DB, 0x00DC, 0x00D9, 0x00DA, 0x009F,
      };

      // 1148 IBM500 EBCDIC International with Euro
      constexpr unsigned short EBCDIC1148Table[256] = {
        0x0000, 0x0001, 0x0002, 0x0003, 0x009C, 0x0009, 0x0086, 0x007F, 0x0097, 0x008D, 0x008E, 0x000B, 0x000C, 0x000D, 0x000E, 0x000F,
        0x0010, 0x0011, 0x0012, 0x0013, 0x009D, 0x0085, 0x0008, 0x0087, 0x0018, 0x0019, 0x0092, 0x008F, 0x001C, 0x001D, 0x001E, 0x001F,
        0x0080, 0x0081, 0x0082, 0x0083, 0x0084, 0x000A, 0x0017, 0x001B, 0x0088, 0x0089, 0x008A, 0x008B, 0x008C, 0x0005, 0x0006, 0x0007,
        0x0090, 0x0091, 0x0016, 0x0093, 0x0094, 0x0095, 0x0096, 0x0004, 0x0098, 0x0099, 0x009A, 0x009B, 0x0014, 0x0015, 0x009E, 0x001A,
        0x0020, 0x00A0, 0x00E2, 0x00E4, 0x00E0, 0x00E1, 0x00E3, 0x00E5, 0x00E7, 0x00F1, 0x005B, 0x002E, 0x003C, 0x0028, 0x002B, 0x0021,
        0x0026, 0x00E9, 0x00EA, 0x00EB, 0x00E8, 0x00ED, 0x00EE, 0x00EF, 0x00EC, 0x00DF, 0x005D, 0x0024, 0x002A, 0x0029, 0x003B, 0x005E,
        0x002D, 0x002F, 0x00C2, 0x00C4, 0x00C0, 0x00C1, 0x00C3, 0x00C5, 0x00C7, 0x00D1, 0x00A6, 0x002C, 0x0025, 0x005F, 0x003E, 0x003F,
        0x00F8, 0x00C9, 0x00CA, 0x00CB, 0x00C8, 0x00CD, 0x00CE, 0x00CF, 0x00CC, 0x0060, 0x003A, 0x0023, 0x0040, 0x0027, 0x003D, 0x0022,
        0x00D8, 0x0061, 0x0062, 0x0063, 0x0064, 0x0065, 0x0066, 0x0067, 0x0068, 0x0069, 0x00AB, 0x00BB, 0x00F0, 0x00FD, 0x00FE, 0x00B1,
        0x00B0, 0x006A, 0x006B, 0x006C, 0x006D, 0x006E, 0x006F, 0x0070, 0x0071, 0x0072, 0x00AA, 0x00BA, 0x00E6, 0x00B8, 0x00C6, 0x20AC,
        0x00B5, 0x007E, 0x0073, 0x0074, 0x0075, 0x0076, 0x0077, 0x0078, 0x0079, 0x007A, 0x00A1, 0x00BF, 0x00D0, 0x00DD, 0x00DE, 0x00AE,
        0x00A2, 0x00A3, 0x00A5, 0x00B7, 0x00A9, 0x00A7, 0x00B6, 0x00BC, 0x00BD, 0x00BE, 0x00AC, 0x007C, 0x00AF, 0x00A8, 0x00B4, 0x00D7,
        0x007B, 0x0041, 0x0042, 0x0043, 0x0044, 0x0045, 0x0046, 0x0047, 0x0048, 0x0049, 0x00AD, 0x00F4, 0x00F6, 0x00F2, 0x00F3, 0x00F5,
        0x007D, 0x004A, 0x004B, 0x004C, 0x004D, 0x004E, 0x004F, 0x0050, 0x0051, 0x0052, 0x00B9, 0x00FB, 0x00FC, 0x00F9, 0x00FA, 0x00FF,
        0x005C, 0x00F7, 0x0053, 0x0054, 0x0055, 0x0056, 0x0057, 0x0058, 0x0059, 0x005A, 0x00B2, 0x00D4, 0x00D6, 0x00D2, 0x00D3, 0x00D5,
        0x0030, 0x0031, 0x0032, 0x0033, 0x0034, 0x0035, 0x0036, 0x0037, 0x0038, 0x0039, 0x00B3, 0x00DB, 0x00DC, 0x00D9, 0x00DA, 0x009F,
      };

      // 1149 IBM871 EBCDIC Icelandic with Euro
      constexpr unsigned short EBCDIC1149Table[256] = {
        0x0000, 0x0001, 0x0002, 0x0003, 0x009C, 0x0009, 0x0086, 0x007F, 0x0097, 0x008D, 0x008E, 0x000B, 0x000C, 0x000D, 0x000E, 0x000F,
        0x0010, 0x0011, 0x0012, 0x0013, 0x009D, 0x0085, 0x0008, 0x0087, 0x0018, 0x0019, 0x0092, 0x008F, 0x001C, 0x001D, 0x001E, 0x001F,
        0x0080, 0x0081, 0x0082, 0x0083, 0x0084, 0x000A, 0x0017, 0x001B, 0x0088, 0x0089, 0x008A, 0x008B, 0x008C, 0x0005, 0x0006, 0x0007,
        0x0090, 0x0091, 0x0016, 0x0093, 0x0094, 0x0095, 0x0096, 0x0004, 0x0098, 0x0099, 0x009A, 0x009B, 0x0014, 0x0015, 0x009E, 0x001A,
        0x0020, 0x00A0, 0x00E2, 0x00E4, 0x00E0, 0x00E1, 0x00E3, 0x00E5, 0x00E7, 0x00F1, 0x00FE, 0x002E, 0x003C, 0x0028, 0x002B, 0x0021,
        0x0026, 0x00E9, 0x00EA, 0x00EB, 0x00E8, 0x00ED, 0x00EE, 0x00EF, 0x00EC, 0x00DF, 0x00C6, 0x0024, 0x002A, 0x0029, 0x003B, 0x00D6,
        0x002D, 0x002F, 0x00C2, 0x00C4, 0x00C0, 0x00C1, 0x00C3, 0x00C5, 0x00C7, 0x00D1, 0x00A6, 0x002C, 0x0025, 0x005F, 0x003E, 0x003F,
        0x00F8, 0x00C9, 0x00CA, 0x00CB, 0x00C8, 0x00CD, 0x00CE, 0x00CF, 0x00CC, 0x00F0, 0x003A, 0x0023, 0x00D0, 0x0027, 0x003D, 0x0022,
        0x00D8, 0x0061, 0x0062, 0x0063, 0x0064, 0x0065, 0x0066, 0x0067, 0x0068, 0x0069, 0x00AB, 0x00BB, 0x0060, 0x00FD, 0x007B, 0x00B1,
        0x00B0, 0x006A, 0x006B, 0x006C, 0x006D, 0x006E, 0x006F, 0x0070, 0x0071, 0x0072, 0x00AA, 0x00BA, 0x007D, 0x00B8, 0x005D, 0x20AC,
        0x00B5, 0x00F6, 0x0073, 0x0074, 0x0075, 0x0076, 0x0077, 0x0078, 0x0079, 0x007A, 0x00A1, 0x00BF, 0x0040, 0x00DD, 0x005B, 0x00AE,
        0x00A2, 0x00A3, 0x00A5, 0x00B7, 0x00A9, 0x00A7, 0x00B6, 0x00BC, 0x00BD, 0x00BE, 0x00AC, 0x007C, 0x00AF, 0x00A8, 0x005C, 0x00D7,
        0x00DE, 0x0041, 0x0042, 0x0043, 0x0044, 0x0045, 0x0046, 0x0047, 0x0048, 0x0049, 0x00AD, 0x00F4, 0x007E, 0x00F2, 0x00F3, 0x00F5,
        0x00E6, 0x004A, 0x004B, 0x004C, 0x004D, 0x004E, 0x004F, 0x0050, 0x0051, 0x0052, 0x00B9, 0x00FB, 0x00FC, 0x00F9, 0x00FA, 0x00FF,
        0x00B4, 0x00F7, 0x0053, 0x0054, 0x0055, 0x0056, 0x0057, 0x0058, 0x0059, 0x005A, 0x00B2, 0x00D4, 0x005E, 0x00D2, 0x00D3, 0x00D5,
        0x0030, 0x0031, 0x0032, 0x0033, 0x0034, 0x0035, 0x0036, 0x0037, 0x0038, 0x0039, 0x00B3, 0x00DB, 0x00DC, 0x00D9, 0x00DA, 0x009F,
      };

      // 1250 Windows-1250 Central European
      constexpr unsigned short Windows1250Table[256] = {
        0x0000, 0x0001, 0x0002, 0x0003, 0x0004, 0x0005, 0x0006, 0x0007, 0x0008, 0x0009, 0x000A, 0x000B, 0x000C, 0x000D, 0x000E, 0x000F,
        0x0010, 0x0011, 0x0012, 0x0013, 0x0014, 0x0015, 0x0016, 0x0017, 0x0018, 0x0019, 0x001A, 0x001B, 0x001C, 0x001D, 0x001E, 0x001F,
        0x0020, 0x0021, 0x0022, 0x0023, 0x0024, 0x0025, 0x0026, 0x0027, 0x0028, 0x0029, 0x002A, 0x002B, 0x002C, 0x002D, 0x002E, 0x002F,
        0x0030, 0x0031, 0x0032, 0x0033, 0x0034, 0x0035, 0x0036, 0x0037, 0x0038, 0x0039, 0x003A, 0x003B, 0x003C, 0x003D, 0x003E, 0x003F,
        0x0040, 0x0041, 0x0042, 0x0043, 0x0044, 0x0045, 0x0046, 0x0047, 0x0048, 0x0049, 0x004A, 0x004B, 0x004C, 0x004D, 0x004E, 0x004F,
        0x0050, 0x0051, 0x0052, 0x0053, 0x0054, 0x0055, 0x0056, 0x0057, 0x0058, 0x0059, 0x005A, 0x005B, 0x005C, 0x005D, 0x005E, 0x005F,
        0x0060, 0x0061, 0x0062, 0x0063, 0x0064, 0x0065, 0x0066, 0x0067, 0x0068, 0x0069, 0x006A, 0x006B, 0x006C, 0x006D, 0x006E, 0x006F,
        0x0070, 0x0071, 0x0072, 0x0073, 0x0074, 0x0075, 0x0076, 0x0077, 0x0078, 0x0079, 0x007A, 0x007B, 0x007C, 0x007D, 0x007E, 0x007F,
        0x20AC, 0x0081, 0x201A, 0x0083, 0x201E, 0x2026, 0x2020, 0x2021, 0x0088, 0x2030, 0x0160, 0x2039, 0x015A, 0x0164, 0x017D, 0x0179,
        0x0090, 0x2018, 0x2019, 0x201C, 0x201D, 0x2022, 0x2013, 0x2014, 0x0098, 0x2122, 0x0161, 0x203A, 0x015B, 0x0165, 0x017E, 0x017A,
        0x00A0, 0x02C7, 0x02D8, 0x0141, 0x00A4, 0x0104, 0x00A6, 0x00A7, 0x00A8, 0x00A9, 0x015E, 0x00AB, 0x00AC, 0x00AD, 0x00AE, 0x017B,
        0x00B0, 0x00B1, 0x02DB, 0x0142, 0x00B4, 0x00B5, 0x00B6, 0x00B7, 0x00B8, 0x0105, 0x015F, 0x00BB, 0x013D, 0x02DD, 0x013E, 0x017C,
        0x0154, 0x00C1, 0x00C2, 0x0102, 0x00C4, 0x0139, 0x0106, 0x00C7, 0x010C, 0x00C9, 0x0118, 0x00CB, 0x011A, 0x00CD, 0x00CE, 0x010E,
        0x0110, 0x0143, 0x0147, 0x00D3, 0x00D4, 0x0150, 0x00D6, 0x00D7, 0x0158, 0x016E, 0x00DA, 0x0170, 0x00DC, 0x00DD, 0x0162, 0x00DF,
        0x0155, 0x00E1, 0x00E2, 0x0103, 0x00E4, 0x013A, 0x0107, 0x00E7, 0x010D, 0x00E9, 0x0119, 0x00EB, 0x011B, 0x00ED, 0x00EE, 0x010F,
        0x0111, 0x0144, 0x0148, 0x00F3, 0x00F4, 0x0151, 0x00F6, 0x00F7, 0x0159, 0x016F, 0x00FA, 0x0171, 0x00FC, 0x00FD, 0x0163, 0x02D9,
      };

      // 1251 Windows-1251 Cyrillic
      constexpr unsigned short Windows1251Table[256] = {
        0x0000, 0x0001, 0x0002, 0x0003, 0x0004, 0x0005, 0x0006, 0x0007, 0x0008, 0x0009, 0x000A, 0x000B, 0x000C, 0x000D, 0x000E, 0x000F,
        0x0010, 0x0011, 0x0012, 0x0013, 0x0014, 0x0015, 0x0016, 0x0017, 0x0018, 0x0019, 0x001A, 0x001B, 0x001C, 0x001D, 0x001E, 0x001F,
        0x0020, 0x0021, 0x0022, 0x0023, 0x0024, 0x0025, 0x0026, 0x0027, 0x0028, 0x0029, 0x002A, 0x002B, 0x002C, 0x002D, 0x002E, 0x002F,
        0x0030, 0x0031, 0x0032, 0x0033, 0x0034, 0x0035, 0x0036, 0x0037, 0x0038, 0x0039, 0x003A, 0x003B, 0x003C, 0x003D, 0x003E, 0x003F,
        0x0040, 0x0041, 0x0042, 0x0043, 0x0044, 0x0045, 0x0046, 0x0047, 0x0048, 0x0049, 0x004A, 0x004B, 0x004C, 0x004D, 0x004E, 0x004F,
        0x0050, 0x0051, 0x0052, 0x0053, 0x0054, 0x0055, 0x0056, 0x0057, 0x0058, 0x0059, 0x005A, 0x005B, 0x005C, 0x005D, 0x005E, 0x005F,
        0x0060, 0x0061, 0x0062, 0x0063, 0x0064, 0x0065, 0x0066, 0x0067, 0x0068, 0x0069, 0x006A, 0x006B, 0x006C, 0x006D, 0x006E, 0x006F,
        0x0070, 0x0071, 0x0072, 0x0073, 0x0074, 0x0075, 0x0076, 0x0077, 0x0078, 0x0079, 0x007A, 0x007B, 0x007C, 0x007D, 0x007E, 0x007F,
        0x0402, 0x0403, 0x201A, 0x0453, 0x201E, 0x2026, 0x2020, 0x2021, 0x20AC, 0x2030, 0x0409, 0x2039, 0x040A, 0x040C, 0x040B, 0x040F,
        0x0452, 0x2018, 0x2019, 0x201C, 0x201D, 0x2022, 0x2013, 0x2014, 0x0098, 0x2122, 0x0459, 0x203A, 0x045A, 0x045C, 0x045B, 0x045F,
        0x00A0, 0x040E, 0x045E, 0x0408, 0x00A4, 0x0490, 0x00A6, 0x00A7, 0x0401, 0x00A9, 0x0404, 0x00AB, 0x00AC, 0x00AD, 0x00AE, 0x0407,
        0x00B0, 0x00B1, 0x0406, 0x0456, 0x0491, 0x00B5, 0x00B6, 0x00B7, 0x0451, 0x2116, 0x0454, 0x00BB, 0x0458, 0x0405, 0x0455, 0x0457,
        0x0410, 0x0411, 0x0412, 0x0413, 0x0414, 0x0415, 0x0416, 0x0417, 0x0418, 0x0419, 0x041A, 0x041B, 0x041C, 0x041D, 0x041E, 0x041F,
        0x0420, 0x0421, 0x0422, 0x0423, 0x0424, 0x0425, 0x0426, 0x0427, 0x0428, 0x0429, 0x042A, 0x042B, 0x042C, 0x042D, 0x042E, 0x042F,
        0x0430, 0x0431, 0x0432, 0x0433, 0x0434, 0x0435, 0x0436, 0x0437, 0x0438, 0x0439, 0x043A, 0x043B, 0x043C, 0x043D, 0x043E, 0x043F,
        0x0440, 0x0441, 0x0442, 0x0443, 0x0444, 0x0445, 0x0446, 0x0447, 0x0448, 0x0449, 0x044A, 0x044B, 0x044C, 0x044D, 0x044E, 0x044F,
      };

      // 1252 Windows-1252 Western European
      constexpr unsigned short Windows1252Table[256] = {
        0x0000, 0x0001, 0x0002, 0x0003, 0x0004, 0x0005, 0x0006, 0x0007, 0x0008, 0x0009, 0x000A, 0x000B, 0x000C, 0x000D, 0x000E, 0x000F,
        0x0010, 0x0011, 0x0012, 0x0013, 0x0014, 0x0015, 0x0016, 0x0017, 0x0018, 0x0019, 0x001A, 0x001B, 0x001C, 0x001D, 0x001E, 0x001F,
        0x0020, 0x0021, 0x0022, 0x0023, 0x0024, 0x0025, 0x0026, 0x0027, 0x0028, 0x0029, 0x002A, 0x002B, 0x002C, 0x002D, 0x002E, 0x002F,
        0x0030, 0x0031, 0x0032, 0x0033, 0x0034, 0x0035, 0x0036, 0x0037, 0x0038, 0x0039, 0x003A, 0x003B, 0x003C, 0x003D, 0x003E, 0x003F,
        0x0040, 0x0041, 0x0042, 0x0043, 0x0044, 0x0045, 0x0046, 0x0047, 0x0048, 0x0049, 0x004A, 0x004B, 0x004C, 0x004D, 0x004E, 0x004F,
        0x0050, 0x0051, 0x0052, 0x0053, 0x0054, 0x0055, 0x0056, 0x0057, 0x0058, 0x0059, 0x005A, 0x005B, 0x005C, 0x005D, 0x005E, 0x005F,
        0x0060, 0x0061, 0x0062, 0x0063, 0x0064, 0x0065, 0x0066, 0x0067, 0x0068, 0x0069, 0x006A, 0x006B, 0x006C, 0x006D, 0x006E, 0x006F,
        0x0070, 0x0071, 0x0072, 0x0073, 0x0074, 0x0075, 0x0076, 0x0077, 0x0078, 0x0079, 0x007A, 0x007B, 0x007C, 0x007D, 0x007E, 0x007F,
        0x20AC, 0x0081, 0x201A, 0x0192, 0x201E, 0x2026, 0x2020, 0x2021, 0x02C6, 0x2030, 0x0160, 0x2039, 0x0152, 0x008D, 0x017D, 0x008F,
        0x0090, 0x2018, 0x2019, 0x201C, 0x201D, 0x2022, 0x2013, 0x2014, 0x02DC, 0x2122, 0x0161, 0x203A, 0x0153, 0x009D, 0x017E, 0x0178,
        0x00A0, 0x00A1, 0x00A2, 0x00A3, 0x00A4, 0x00A5, 0x00A6, 0x00A7, 0x00A8, 0x00A9, 0x00AA, 0x00AB, 0x00AC, 0x00AD, 0x00AE, 0x00AF,
        0x00B0, 0x00B1, 0x00B2, 0x00B3, 0x00B4, 0x00B5, 0x00B6, 0x00B7, 0x00B8, 0x00B9, 0x00BA, 0x00BB, 0x00BC, 0x00BD, 0x00BE, 0x00BF,
        0x00C0, 0x00C1, 0x00C2, 0x00C3, 0x00C4, 0x00C5, 0x00C6, 0x00C7, 0x00C8, 0x00C9, 0x00CA, 0x00CB, 0x00CC, 0x00CD, 0x00CE, 0x00CF,
        0x00D0, 0x00D1, 0x00D2, 0x00D3, 0x00D4, 0x00D5, 0x00D6, 0x00D7, 0x00D8, 0x00D9, 0x00DA, 0x00DB, 0x00DC, 0x00DD, 0x00DE, 0x00DF,
        0x00E0, 0x00E1, 0x00E2, 0x00E3, 0x00E4, 0x00E5, 0x00E6, 0x00E7, 0x00E8, 0x00E9, 0x00EA, 0x00EB, 0x00EC, 0x00ED, 0x00EE, 0x00EF,
        0x00F0, 0x00F1, 0x00F2, 0x00F3, 0x00F4, 0x00F5, 0x00F6, 0x00F7, 0x00F8, 0x00F9, 0x00FA, 0x00FB, 0x00FC, 0x00FD, 0x00FE, 0x00FF,
      };

      // 1253 Windows-1253 Greek
      constexpr unsigned short Windows1253Table[256] = {
        0x0000, 0x0001, 0x0002, 0x0003, 0x0004, 0x0005, 0x0006, 0x0007, 0x0008, 0x0009, 0x000A, 0x000B, 0x000C, 0x000D, 0x000E, 0x000F,
        0x0010, 0x0011, 0x0012, 0x0013, 0x0014, 0x0015, 0x0016, 0x0017, 0x0018, 0x0019, 0x001A, 0x001B, 0x001C, 0x001D, 0x001E, 0x001F,
        0x0020, 0x0021, 0x0022, 0x0023, 0x0024, 0x0025, 0x0026, 0x0027, 0x0028, 0x0029, 0x002A, 0x002B, 0x002C, 0x002D, 0x002E, 0x002F,
        0x0030, 0x0031, 0x0032, 0x0033, 0x0034, 0x0035, 0x0036, 0x0037, 0x0038, 0x0039, 0x003A, 0x003B, 0x003C, 0x003D, 0x003E, 0x003F,
        0x0040, 0x0041, 0x0042, 0x0043, 0x0044, 0x0045, 0x0046, 0x0047, 0x0048, 0x0049, 0x004A, 0x004B, 0x004C, 0x004D, 0x004E, 0x004F,
        0x0050, 0x0051, 0x0052, 0x0053, 0x0054, 0x0055, 0x0056, 0x0057, 0x0058, 0x0059, 0x005A, 0x005B, 0x005C, 0x005D, 0x005E, 0x005F,
        0x0060, 0x0061, 0x0062, 0x0063, 0x0064, 0x0065, 0x0066, 0x0067, 0x0068, 0x0069, 0x006A, 0x006B, 0x006C, 0x006D, 0x006E, 0x006F,
        0x0070, 0x0071, 0x0072, 0x0073, 0x0074, 0x0075, 0x0076, 0x0077, 0x0078, 0x0079, 0x007A, 0x007B, 0x007C, 0x007D, 0x007E, 0x007F,
        0x20AC, 0x0081, 0x201A, 0x0192, 0x201E, 0x2026, 0x2020, 0x2021, 0x0088, 0x2030, 0x008A, 0x2039, 0x008C, 0x008D, 0x008E, 0x008F,
        0x0090, 0x2018, 0x2019, 0x201C, 0x201D, 0x2022, 0x2013, 0x2014, 0x0098, 0x2122, 0x009A, 0x203A, 0x009C, 0x009D, 0x009E, 0x009F,
        0x00A0, 0x0385, 0x0386, 0x00A3, 0x00A4, 0x00A5, 0x00A6, 0x00A7, 0x00A8, 0x00A9, 0xFFFD, 0x00AB, 0x00AC, 0x00AD, 0x00AE, 0x2015,
        0x00B0, 0x00B1, 0x00B2, 0x00B3, 0x0384, 0x00B5, 0x00B6, 0x00B7, 0x0388, 0x0389, 0x038A, 0x00BB, 0x038C, 0x00BD, 0x038E, 0x038F,
        0x0390, 0x0391, 0x0392, 0x0393, 0x0394, 0x0395, 0x0396, 0x0397, 0x0398, 0x0399, 0x039A, 0x039B, 0x039C, 0x039D, 0x039E, 0x039F,
        0x03A0, 0x03A1, 0xFFFD, 0x03A3, 0x03A4, 0x03A5, 0x03A6, 0x03A7, 0x03A8, 0x03A9, 0x03AA, 0x03AB, 0x03AC, 0x03AD, 0x03AE, 0x03AF,
        0x03B0, 0x03B1, 0x03B2, 0x03B3, 0x03B4, 0x03B5, 0x03B6, 0x03B7, 0x03B8, 0x03B9, 0x03BA, 0x03BB, 0x03BC, 0x03BD, 0x03BE, 0x03BF,
        0x03C0, 0x03C1, 0x03C2, 0x03C3, 0x03C4, 0x03C5, 0x03C6, 0x03C7, 0x03C8, 0x03C9, 0x03CA, 0x03CB, 0x03CC, 0x03CD, 0x03CE, 0xFFFD,
      };

      // 1254 Windows-1254 Turkish
      constexpr unsigned short Windows1254Table[256] = {
        0x0000, 0x0001, 0x0002, 0x0003, 0x0004, 0x0005, 0x0006, 0x0007, 0x0008, 0x0009, 0x000A, 0x000B, 0x000C, 0x000D, 0x000E, 0x000F,
        0x0010, 0x0011, 0x0012, 0x0013, 0x0014, 0x0015, 0x0016, 0x0017, 0x0018, 0x0019, 0x001A, 0x001B, 0x001C, 0x001D, 0x001E, 0x001F,
        0x0020, 0x0021, 0x0022, 0x0023, 0x0024, 0x0025, 0x0026, 0x0027, 0x0028, 0x0029, 0x002A, 0x002B, 0x002C, 0x002D, 0x002E, 0x002F,
        0x0030, 0x0031, 0x0032, 0x0033, 0x0034, 0x0035, 0x0036, 0x0037, 0x0038, 0x0039, 0x003A, 0x003B, 0x003C, 0x003D, 0x003E, 0x003F,
        0x0040, 0x0041, 0x0042, 0x0043, 0x0044, 0x0045, 0x0046, 0x0047, 0x0048, 0x0049, 0x004A, 0x004B, 0x004C, 0x004D, 0x004E, 0x004F,
        0x0050, 0x0051, 0x0052, 0x0053, 0x0054, 0x0055, 0x0056, 0x0057, 0x0058, 0x0059, 0x005A, 0x005B, 0x005C, 0x005D, 0x005E, 0x005F,
        0x0060, 0x0061, 0x0062, 0x0063, 0x0064, 0x0065, 0x0066, 0x0067, 0x0068, 0x0069, 0x006A, 0x006B, 0x006C, 0x006D, 0x006E, 0x006F,
        0x0070, 0x0071, 0x0072, 0x0073, 0x0074, 0x0075, 0x0076, 0x0077, 0x0078, 0x0079, 0x007A, 0x007B, 0x007C, 0x007D, 0x007E, 0x007F,
        0x20AC, 0x0081, 0x201A, 0x0192, 0x201E, 0x2026, 0x2020, 0x2021, 0x02C6, 0x2030, 0x0160, 0x2039, 0x0152, 0x008D, 0x008E, 0x008F,
        0x0090, 0x2018, 0x2019, 0x201C, 0x201D, 0x2022, 0x2013, 0x2014, 0x02DC, 0x2122, 0x0161, 0x203A, 0x0153, 0x009D, 0x009E, 0x0178,
        0x00A0, 0x00A1, 0x00A2, 0x00A3, 0x00A4, 0x00A5, 0x00A6, 0x00A7, 0x00A8, 0x00A9, 0x00AA, 0x00AB, 0x00AC, 0x00AD, 0x00AE, 0x00AF,
        0x00B0, 0x00B1, 0x00B2, 0x00B3, 0x00B4, 0x00B5, 0x00B6, 0x00B7, 0x00B8, 0x00B9, 0x00BA, 0x00BB, 0x00BC, 0x00BD, 0x00BE, 0x00BF,
        0x00C0, 0x00C1, 0x00C2, 0x00C3, 0x00C4, 0x00C5, 0x00C6, 0x00C7, 0x00C8, 0x00C9, 0x00CA, 0x00CB, 0x00CC, 0x00CD, 0x00CE, 0x00CF,
        0x011E, 0x00D1, 0x00D2, 0x00D3, 0x00D4, 0x00D5, 0x00D6, 0x00D7, 0x00D8, 0x00D9, 0x00DA, 0x00DB, 0x00DC, 0x0130, 0x015E, 0x00DF,
        0x00E0, 0x00E1, 0x00E2, 0x00E3, 0x00E4, 0x00E5, 0x00E6, 0x00E7, 0x00E8, 0x00E9, 0x00EA, 0x00EB, 0x00EC, 0x00ED, 0x00EE, 0x00EF,
        0x011F, 0x00F1, 0x00F2, 0x00F3, 0x00F4, 0x00F5, 0x00F6, 0x00F7, 0x00F8, 0x00F9, 0x00FA, 0x00FB, 0x00FC, 0x0131, 0x015F, 0x00FF,
      };

      // 1255 Windows-1255 Hebrew
      constexpr unsigned short Windows1255Table[256] = {
        0x0000, 0x0001, 0x0002, 0x0003, 0x0004, 0x0005, 0x0006, 0x0007, 0x0008, 0x0009, 0x000A, 0x000B, 0x000C, 0x000D, 0x000E, 0x000F,
        0x0010, 0x0011, 0x0012, 0x0013, 0x0014, 0x0015, 0x0016, 0x0017, 0x0018, 0x0019, 0x001A, 0x001B, 0x001C, 0x001D, 0x001E, 0x001F,
        0x0020, 0x0021, 0x0022, 0x0023, 0x0024, 0x0025, 0x0026, 0x0027, 0x0028, 0x0029, 0x002A, 0x002B, 0x002C, 0x002D, 0x002E, 0x002F,
        0x0030, 0x0031, 0x0032, 0x0033, 0x0034, 0x0035, 0x0036, 0x0037, 0x0038, 0x0039, 0x003A, 0x003B, 0x003C, 0x003D, 0x003E, 0x003F,
        0x0040, 0x0041, 0x0042, 0x0043, 0x0044, 0x0045, 0x0046, 0x0047, 0x0048, 0x0049, 0x004A, 0x004B, 0x004C, 0x004D, 0x004E, 0x004F,
        0x0050, 0x0051, 0x0052, 0x0053, 0x0054, 0x0055, 0x0056, 0x0057, 0x0058, 0x0059, 0x005A, 0x005B, 0x005C, 0x005D, 0x005E, 0x005F,
        0x0060, 0x0061, 0x0062, 0x0063, 0x0064, 0x0065, 0x0066, 0x0067, 0x0068, 0x0069, 0x006A, 0x006B, 0x006C, 0x006D, 0x006E, 0x006F,
        0x0070, 0x0071, 0x0072, 0x0073, 0x0074, 0x0075, 0x0076, 0x0077, 0x0078, 0x0079, 0x007A, 0x007B, 0x007C, 0x007D, 0x007E, 0x007F,
        0x20AC, 0x0081, 0x201A, 0x0192, 0x201E, 0x2026, 0x2020, 0x2021, 0x02C6, 0x2030, 0x008A, 0x2039, 0x008C, 0x008D, 0x008E, 0x008F,
        0x0090, 0x2018, 0x2019, 0x201C, 0x201D, 0x2022, 0x2013, 0x2014, 0x02DC, 0x2122, 0x009A, 0x203A, 0x009C, 0x009D, 0x009E, 0x009F,
        0x00A0, 0x00A1, 0x00A2, 0x00A3, 0x20AA, 0x00A5, 0x00A6, 0x00A7, 0x00A8, 0x00A9, 0x00D7, 0x00AB, 0x00AC, 0x00AD, 0x00AE, 0x00AF,
        0x00B0, 0x00B1, 0x00B2, 0x00B3, 0x00B4, 0x00B5, 0x00B6, 0x00B7, 0x00B8, 0x00B9, 0x00F7, 0x00BB, 0x00BC, 0x00BD, 0x00BE, 0x00BF,
        0x05B0, 0x05B1, 0x05B2, 0x05B3, 0x05B4, 0x05B5, 0x05B6, 0x05B7, 0x05B8, 0x05B9, 0xFFFD, 0x05BB, 0x05BC, 0x05BD, 0x05BE, 0x05BF,
        0x05C0, 0x05C1, 0x05C2, 0x05C3, 0x05F0, 0x05F1, 0x05F2, 0x05F3, 0x05F4, 0xFFFD, 0xFFFD, 0xFFFD, 0xFFFD, 0xFFFD, 0xFFFD, 0xFFFD,
        0x05D0, 0x05D1, 0x05D2, 0x05D3, 0x05D4, 0x05D5, 0x05D6, 0x05D7, 0x05D8, 0x05D9, 0x05DA, 0x05DB, 0x05DC, 0x05DD, 0x05DE, 0x05DF,
        0x05E0, 0x05E1, 0x05E2, 0x05E3, 0x05E4, 0x05E5, 0x05E6, 0x05E7, 0x05E8, 0x05E9, 0x05EA, 0xFFFD, 0xFFFD, 0x200E, 0x200F, 0xFFFD,
      };

      // 1256 Windows-1256 Arabic
      constexpr unsigned short Windows1256Table[256] = {
        0x0000, 0x0001, 0x0002, 0x0003, 0x0004, 0x0005, 0x0006, 0x0007, 0x0008, 0x0009, 0x000A, 0x000B, 0x000C, 0x000D, 0x000E, 0x000F,
        0x0010, 0x0011, 0x0012, 0x0013, 0x0014, 0x0015, 0x0016, 0x0017, 0x0018, 0x0019, 0x001A, 0x001B, 0x001C, 0x001D, 0x001E, 0x001F,
        0x0020, 0x0021, 0x0022, 0x0023, 0x0024, 0x0025, 0x0026, 0x0027, 0x0028, 0x0029, 0x002A, 0x002B, 0x002C, 0x002D, 0x002E, 0x002F,
        0x0030, 0x0031, 0x0032, 0x0033, 0x0034, 0x0035, 0x0036, 0x0037, 0x0038, 0x0039, 0x003A, 0x003B, 0x003C, 0x003D, 0x003E, 0x003F,
        0x0040, 0x0041, 0x0042, 0x0043, 0x0044, 0x0045, 0x0046, 0x0047, 0x0048, 0x0049, 0x004A, 0x004B, 0x004C, 0x004D, 0x004E, 0x004F,
        0x0050, 0x0051, 0x0052, 0x0053, 0x0054, 0x0055, 0x0056, 0x0057, 0x0058, 0x0059, 0x005A, 0x005B, 0x005C, 0x005D, 0x005E, 0x005F,
        0x0060, 0x0061, 0x0062, 0x0063, 0x0064, 0x0065, 0x0066, 0x0067, 0x0068, 0x0069, 0x006A, 0x006B, 0x006C, 0x006D, 0x006E, 0x006F,
        0x0070, 0x0071, 0x0072, 0x0073, 0x0074, 0x0075, 0x0076, 0x0077, 0x0078, 0x0079, 0x007A, 0x007B, 0x007C, 0x007D, 0x007E, 0x007F,
        0x20AC, 0x067E, 0x201A, 0x0192, 0x201E, 0x2026, 0x2020, 0x2021, 0x02C6, 0x2030, 0x0679, 0x2039, 0x0152, 0x0686, 0x0698, 0x0688,
        0x06AF, 0x2018, 0x2019, 0x201C, 0x201D, 0x2022, 0x2013, 0x2014, 0x06A9, 0x2122, 0x0691, 0x203A, 0x0153, 0x200C, 0x200D, 0x06BA,
        0x00A0, 0x060C, 0x00A2, 0x00A3, 0x00A4, 0x00A5, 0x00A6, 0x00A7, 0x00A8, 0x00A9, 0x06BE, 0x00AB, 0x00AC, 0x00AD, 0x00AE, 0x00AF,
        0x00B0, 0x00B1, 0x00B2, 0x00B3, 0x00B4, 0x00B5, 0x00B6, 0x00B7, 0x00B8, 0x00B9, 0x061B, 0x00BB, 0x00BC, 0x00BD, 0x00BE, 0x061F,
        0x06C1, 0x0621, 0x0622, 0x0623, 0x0624, 0x0625, 0x0626, 0x0627, 0x0628, 0x0629, 0x062A, 0x062B, 0x062C, 0x062D, 0x062E, 0x062F,
        0x0630, 0x0631, 0x0632, 0x0633, 0x0634, 0x0635, 0x0636, 0x00D7, 0x0637, 0x0638, 0x0639, 0x063A, 0x0640, 0x0641, 0x0642, 0x0643,
        0x00E0, 0x0644, 0x00E2, 0x0645, 0x0646, 0x0647, 0x0648, 0x00E7, 0x00E8, 0x00E9, 0x00EA, 0x00EB, 0x0649, 0x064A, 0x00EE, 0x00EF,
        0x064B, 0x064C, 0x064D, 0x064E, 0x00F4, 0x064F, 0x0650, 0x00F7, 0x0651, 0x00F9, 0x0652, 0x00FB, 0x00FC, 0x200E, 0x200F, 0x06D2,
      };

      // 1257 Windows-1257 Baltic
      constexpr unsigned short Windows1257Table[256] = {
        0x0000, 0x0001, 0x0002, 0x0003, 0x0004, 0x0005, 0x0006, 0x0007, 0x0008, 0x0009, 0x000A, 0x000B, 0x000C, 0x000D, 0x000E, 0x000F,
        0x0010, 0x0011, 0x0012, 0x0013, 0x0014, 0x0015, 0x0016, 0x0017, 0x0018, 0x0019, 0x001A, 0x001B, 0x001C, 0x001D, 0x001E, 0x001F,
        0x0020, 0x0021, 0x0022, 0x0023, 0x0024, 0x0025, 0x0026, 0x0027, 0x0028, 0x0029, 0x002A, 0x002B, 0x002C, 0x002D, 0x002E, 0x002F,
        0x0030, 0x0031, 0x0032, 0x0033, 0x0034, 0x0035, 0x0036, 0x0037, 0x0038, 0x0039, 0x003A, 0x003B, 0x003C, 0x003D, 0x003E, 0x003F,
        0x0040, 0x0041, 0x0042, 0x0043, 0x0044, 0x0045, 0x0046, 0x0047, 0x0048, 0x0049, 0x004A, 0x004B, 0x004C, 0x004D, 0x004E, 0x004F,
        0x0050, 0x0051, 0x0052, 0x0053, 0x0054, 0x0055, 0x0056, 0x0057, 0x0058, 0x0059, 0x005A, 0x005B, 0x005C, 0x005D, 0x005E, 0x005F,
        0x0060, 0x0061, 0x0062, 0x0063, 0x0064, 0x0065, 0x0066, 0x0067, 0x0068, 0x0069, 0x006A, 0x006B, 0x006C, 0x006D, 0x006E, 0x006F,
        0x0070, 0x0071, 0x0072, 0x0073, 0x0074, 0x0075, 0x0076, 0x0077, 0x0078, 0x0079, 0x007A, 0x007B, 0x007C, 0x007D, 0x007E, 0x007F,
        0x20AC, 0x0081, 0x201A, 0x0083, 0x201E, 0x2026, 0x2020, 0x2021, 0x0088, 0x2030, 0x008A, 0x2039, 0x008C, 0x00A8, 0x02C7, 0x00B8,
        0x0090, 0x2018, 0x2019, 0x201C, 0x201D, 0x2022, 0x2013, 0x2014, 0x0098, 0x2122, 0x009A, 0x203A, 0x009C, 0x00AF, 0x02DB, 0x009F,
        0x00A0, 0xFFFD, 0x00A2, 0x00A3, 0x00A4, 0xFFFD, 0x00A6, 0x00A7, 0x00D8, 0x00A9, 0x0156, 0x00AB, 0x00AC, 0x00AD, 0x00AE, 0x00C6,
        0x00B0, 0x00B1, 0x00B2, 0x00B3, 0x00B4, 0x00B5, 0x00B6, 0x00B7, 0x00F8, 0x00B9, 0x0157, 0x00BB, 0x00BC, 0x00BD, 0x00BE, 0x00E6,
        0x0104, 0x012E, 0x0100, 0x0106, 0x00C4, 0x00C5, 0x0118, 0x0112, 0x010C, 0x00C9, 0x0179, 0x0116, 0x0122, 0x0136, 0x012A, 0x013B,
        0x0160, 0x0143, 0x0145, 0x00D3, 0x014C, 0x00D5, 0x00D6, 0x00D7, 0x0172, 0x0141, 0x015A, 0x016A, 0x00DC, 0x017B, 0x017D, 0x00DF,
        0x0105, 0x012F, 0x0101, 0x0107, 0x00E4, 0x00E5, 0x0119, 0x0113, 0x010D, 0x00E9, 0x017A, 0x0117, 0x0123, 0x0137, 0x012B, 0x013C,
        0x0161, 0x0144, 0x0146, 0x00F3, 0x014D, 0x00F5, 0x00F6, 0x00F7, 0x0173, 0x0142, 0x015B, 0x016B, 0x00FC, 0x017C, 0x017E, 0x02D9,
      };

      // 1258 Windows-1258 Vietnamese
      constexpr unsigned short Windows1258Table[256] = {
        0x0000, 0x0001, 0x0002, 0x0003, 0x0004, 0x0005, 0x0006, 0x0007, 0x0008, 0x0009, 0x000A, 0x000B, 0x000C, 0x000D, 0x000E, 0x000F,
        0x0010, 0x0011, 0x0012, 0x0013, 0x0014, 0x0015, 0x0016, 0x0017, 0x0018, 0x0019, 0x001A, 0x001B, 0x001C, 0x001D, 0x001E, 0x001F,
        0x0020, 0x0021, 0x0022, 0x0023, 0x0024, 0x0025, 0x0026, 0x0027, 0x0028, 0x0029, 0x002A, 0x002B, 0x002C, 0x002D, 0x002E, 0x002F,
        0x0030, 0x0031, 0x0032, 0x0033, 0x0034, 0x0035, 0x0036, 0x0037, 0x0038, 0x0039, 0x003A, 0x003B, 0x003C, 0x003D, 0x003E, 0x003F,
        0x0040, 0x0041, 0x0042, 0x0043, 0x0044, 0x0045, 0x0046, 0x0047, 0x0048, 0x0049, 0x004A, 0x004B, 0x004C, 0x004D, 0x004E, 0x004F,
        0x0050, 0x0051, 0x0052, 0x0053, 0x0054, 0x0055, 0x0056, 0x0057, 0x0058, 0x0059, 0x005A, 0x005B, 0x005C, 0x005D, 0x005E, 0x005F,
        0x0060, 0x0061, 0x0062, 0x0063, 0x0064, 0x0065, 0x0066, 0x0067, 0x0068, 0x0069, 0x006A, 0x006B, 0x006C, 0x006D, 0x006E, 0x006F,
        0x0070, 0x0071, 0x0072, 0x0073, 0x0074, 0x0075, 0x0076, 0x0077, 0x0078, 0x0079, 0x007A, 0x007B, 0x007C, 0x007D, 0x007E, 0x007F,
        0x20AC, 0x0081, 0x201A, 0x0192, 0x201E, 0x2026, 0x2020, 0x2021, 0x02C6, 0x2030, 0x008A, 0x2039, 0x0152, 0x008D, 0x008E, 0x008F,
        0x0090, 0x2018, 0x2019, 0x201C, 0x201D, 0x2022, 0x2013, 0x2014, 0x02DC, 0x2122, 0x009A, 0x203A, 0x0153, 0x009D, 0x009E, 0x0178,
        0x00A0, 0x00A1, 0x00A2, 0x00A3, 0x00A4, 0x00A5, 0x00A6, 0x00A7, 0x00A8, 0x00A9, 0x00AA, 0x00AB, 0x00AC, 0x00AD, 0x00AE, 0x00AF,
        0x00B0, 0x00B1, 0x00B2, 0x00B3, 0x00B4, 0x00B5, 0x00B6, 0x00B7, 0x00B8, 0x00B9, 0x00BA, 0x00BB, 0x00BC, 0x00BD, 0x00BE, 0x00BF,
        0x00C0, 0x00C1, 0x00C2, 0x0102, 0x00C4, 0x00C5, 0x00C6, 0x00C7, 0x00C8, 0x00C9, 0x00CA, 0x00CB, 0x0300, 0x00CD, 0x00CE, 0x00CF,
        0x0110, 0x00D1, 0x0309, 0x00D3, 0x00D4, 0x01A0, 0x00D6, 0x00D7, 0x00D8, 0x00D9, 0x00DA, 0x00DB, 0x00DC, 0x01AF, 0x0303, 0x00DF,
        0x00E0, 0x00E1, 0x00E2, 0x0103, 0x00E4, 0x00E5, 0x00E6, 0x00E7, 0x00E8, 0x00E9, 0x00EA, 0x00EB, 0x0301, 0x00ED, 0x00EE, 0x00EF,
        0x0111, 0x00F1, 0x0323, 0x00F3, 0x00F4, 0x01A1, 0x00F6, 0x00F7, 0x00F8, 0x00F9, 0x00FA, 0x00FB, 0x00FC, 0x01B0, 0x20AB, 0x00FF,
      };

      // 10000 Macintosh Roman
      constexpr unsigned short MacRomanTable[256] = {
        0x0000, 0x0001, 0x0002, 0x0003, 0x0004, 0x0005, 0x0006, 0x0007, 0x0008, 0x0009, 0x000A, 0x000B, 0x000C, 0x000D, 0x000E, 0x000F,
        0x0010, 0x0011, 0x0012, 0x0013, 0x0014, 0x0015, 0x0016, 0x0017, 0x0018, 0x0019, 0x001A, 0x001B, 0x001C, 0x001D, 0x001E, 0x001F,
        0x0020, 0x0021, 0x0022, 0x0023, 0x0024, 0x0025, 0x0026, 0x0027, 0x0028, 0x0029, 0x002A, 0x002B, 0x002C, 0x002D, 0x002E, 0x002F,
        0x0030, 0x0031, 0x0032, 0x0033, 0x0034, 0x0035, 0x0036, 0x0037, 0x0038, 0x0039, 0x003A, 0x003B, 0x003C, 0x003D, 0x003E, 0x003F,
        0x0040, 0x0041, 0x0042, 0x0043, 0x0044, 0x0045, 0x0046, 0x0047, 0x0048, 0x0049, 0x004A, 0x004B, 0x004C, 0x004D, 0x004E, 0x004F,
        0x0050, 0x0051, 0x0052, 0x0053, 0x0054, 0x0055, 0x0056, 0x0057, 0x0058, 0x0059, 0x005A, 0x005B, 0x005C, 0x005D, 0x005E, 0x005F,
        0x0060, 0x0061, 0x0062, 0x0063, 0x0064, 0x0065, 0x0066, 0x0067, 0x0068, 0x0069, 0x006A, 0x006B, 0x006C, 0x006D, 0x006E, 0x006F,
        0x0070, 0x0071, 0x0072, 0x0073, 0x0074, 0x0075, 0x0076, 0x0077, 0x0078, 0x0079, 0x007A, 0x007B, 0x007C, 0x007D, 0x007E, 0x007F,
        0x00C4, 0x00C5, 0x00C7, 0x00C9, 0x00D1, 0x00D6, 0x00DC, 0x00E1, 0x00E0, 0x00E2, 0x00E4, 0x00E3, 0x00E5, 0x00E7, 0x00E9, 0x00E8,
        0x00EA, 0x00EB, 0x00ED, 0x00EC, 0x00EE, 0x00EF, 0x00F1, 0x00F3, 0x00F2, 0x00F4, 0x00F6, 0x00F5, 0x00FA, 0x00F9, 0x00FB, 0x00FC,
        0x2020, 0x00B0, 0x00A2, 0x00A3, 0x00A7, 0x2022, 0x00B6, 0x00DF, 0x00AE, 0x00A9, 0x2122, 0x00B4, 0x00A8, 0x2260, 0x00C6, 0x00D8,
        0x221E, 0x00B1, 0x2264, 0x2265, 0x00A5, 0x00B5, 0x2202, 0x2211, 0x220F, 0x03C0, 0x222B, 0x00AA, 0x00BA, 0x03A9, 0x00E6, 0x00F8,
        0x00BF, 0x00A1, 0x00AC, 0x221A, 0x0192, 0x2248, 0x2206, 0x00AB, 0x00BB, 0x2026, 0x00A0, 0x00C0, 0x00C3, 0x00D5, 0x0152, 0x0153,
        0x2013, 0x2014, 0x201C, 0x201D, 0x2018, 0x2019, 0x00F7, 0x25CA, 0x00FF, 0x0178, 0x2044, 0x20AC, 0x2039, 0x203A, 0xFB01, 0xFB02,
        0x2021, 0x00B7, 0x201A, 0x201E, 0x2030, 0x00C2, 0x00CA, 0x00C1, 0x00CB, 0x00C8, 0x00CD, 0x00CE, 0x00CF, 0x00CC, 0x00D3, 0x00D4,
        0xF8FF, 0x00D2, 0x00DA, 0x00DB, 0x00D9, 0x0131, 0x02C6, 0x02DC, 0x00AF, 0x02D8, 0x02D9, 0x02DA, 0x00B8, 0x02DD, 0x02DB, 0x02C7,
      };

      // 10007 Macintosh Cyrillic
      constexpr unsigned short MacCyrillicTable[256] = {
        0x0000, 0x0001, 0x0002, 0x0003, 0x0004, 0x0005, 0x0006, 0x0007, 0x0008, 0x0009, 0x000A, 0x000B, 0x000C, 0x000D, 0x000E, 0x000F,
        0x0010, 0x0011, 0x0012, 0x0013, 0x0014, 0x0015, 0x0016, 0x0017, 0x0018, 0x0019, 0x001A, 0x001B, 0x001C, 0x001D, 0x001E, 0x001F,
        0x0020, 0x0021, 0x0022, 0x0023, 0x0024, 0x0025, 0x0026, 0x0027, 0x0028, 0x0029, 0x002A, 0x002B, 0x002C, 0x002D, 0x002E, 0x002F,
        0x0030, 0x0031, 0x0032, 0x0033, 0x0034, 0x0035, 0x0036, 0x0037, 0x0038, 0x0039, 0x003A, 0x003B, 0x003C, 0x003D, 0x003E, 0x003F,
        0x0040, 0x0041, 0x0042, 0x0043, 0x0044, 0x0045, 0x0046, 0x0047, 0x0048, 0x0049, 0x004A, 0x004B, 0x004C, 0x004D, 0x004E, 0x004F,
        0x0050, 0x0051, 0x0052, 0x0053, 0x0054, 0x0055, 0x0056, 0x0057, 0x0058, 0x0059, 0x005A, 0x005B, 0x005C, 0x005D, 0x005E, 0x005F,
        0x0060, 0x0061, 0x0062, 0x0063, 0x0064, 0x0065, 0x0066, 0x0067, 0x0068, 0x0069, 0x006A, 0x006B, 0x006C, 0x006D, 0x006E, 0x006F,
        0x0070, 0x0071, 0x0072, 0x0073, 0x0074, 0x0075, 0x0076, 0x0077, 0x0078, 0x0079, 0x007A, 0x007B, 0x007C, 0x007D, 0x007E, 0x007F,
        0x0410, 0x0411, 0x0412, 0x0413, 0x0414, 0x0415, 0x0416, 0x0417, 0x0418, 0x0419, 0x041A, 0x041B, 0x041C, 0x041D, 0x041E, 0x041F,
        0x0420, 0x0421, 0x0422, 0x0423, 0x0424, 0x0425, 0x0426, 0x0427, 0x0428, 0x0429, 0x042A, 0x042B, 0x042C, 0x042D, 0x042E, 0x042F,
        0x2020, 0x00B0, 0x0490, 0x00A3, 0x00A7, 0x2022, 0x00B6, 0x0406, 0x00AE, 0x00A9, 0x2122, 0x0402, 0x0452, 0x2260, 0x0403, 0x0453,
        0x221E, 0x00B1, 0x2264, 0x2265, 0x0456, 0x00B5, 0x0491, 0x0408, 0x0404, 0x0454, 0x0407, 0x0457, 0x0409, 0x0459, 0x040A, 0x045A,
        0x0458, 0x0405, 0x00AC, 0x221A, 0x0192, 0x2248, 0x2206, 0x00AB, 0x00BB, 0x2026, 0x00A0, 0x040B, 0x045B, 0x040C, 0x045C, 0x0455,
        0x2013, 0x2014, 0x201C, 0x201D, 0x2018, 0x2019, 0x00F7, 0x201E, 0x040E, 0x045E, 0x040F, 0x045F, 0x2116, 0x0401, 0x0451, 0x044F,
        0x0430, 0x0431, 0x0432, 0x0433, 0x0434, 0x0435, 0x0436, 0x0437, 0x0438, 0x0439, 0x043A, 0x043B, 0x043C, 0x043D, 0x043E, 0x043F,
        0x0440, 0x0441, 0x0442, 0x0443, 0x0444, 0x0445, 0x0446, 0x0447, 0x0448, 0x0449, 0x044A, 0x044B, 0x044C, 0x044D, 0x044E, 0x20AC,
      };

      // 20127 US-ASCII
      constexpr unsigned short ASCIITable[256] = {
        0x0000, 0x0001, 0x0002, 0x0003, 0x0004, 0x0005, 0x0006, 0x0007, 0x0008, 0x0009, 0x000A, 0x000B, 0x000C, 0x000D, 0x000E, 0x000F,
        0x0010, 0x0011, 0x0012, 0x0013, 0x0014, 0x0015, 0x0016, 0x0017, 0x0018, 0x0019, 0x001A, 0x001B, 0x001C, 0x001D, 0x001E, 0x001F,
        0x0020, 0x0021, 0x0022, 0x0023, 0x0024, 0x0025, 0x0026, 0x0027, 0x0028, 0x0029, 0x002A, 0x002B, 0x002C, 0x002D, 0x002E, 0x002F,
        0x0030, 0x0031, 0x0032, 0x0033, 0x0034, 0x0035, 0x0036, 0x0037, 0x0038, 0x0039, 0x003A, 0x003B, 0x003C, 0x003D, 0x003E, 0x003F,
        0x0040, 0x0041, 0x0042, 0x0043, 0x0044, 0x0045, 0x0046, 0x0047, 0x0048, 0x0049, 0x004A, 0x004B, 0x004C, 0x004D, 0x004E, 0x004F,
        0x0050, 0x0051, 0x0052, 0x0053, 0x0054, 0x0055, 0x0056, 0x0057, 0x0058, 0x0059, 0x005A, 0x005B, 0x005C, 0x005D, 0x005E, 0x005F,
        0x0060, 0x0061, 0x0062, 0x0063, 0x0064, 0x0065, 0x0066, 0x0067, 0x0068, 0x0069, 0x006A, 0x006B, 0x006C, 0x006D, 0x006E, 0x006F,
        0x0070, 0x0071, 0x0072, 0x0073, 0x0074, 0x0075, 0x0076, 0x0077, 0x0078, 0x0079, 0x007A, 0x007B, 0x007C, 0x007D, 0x007E, 0x007F,
        0x0080, 0x0081, 0x0082, 0x0083, 0x0084, 0x0085, 0x0086, 0x0087, 0x0088, 0x0089, 0x008A, 0x008B, 0x008C, 0x008D, 0x008E, 0x008F,
        0x0090, 0x0091, 0x0092, 0x0093, 0x0094, 0x0095, 0x0096, 0x0097, 0x0098, 0x0099, 0x009A, 0x009B, 0x009C, 0x009D, 0x009E, 0x009F,
        0xFFFD, 0xFFFD, 0xFFFD, 0xFFFD, 0xFFFD, 0xFFFD, 0xFFFD, 0xFFFD, 0xFFFD, 0xFFFD, 0xFFFD, 0xFFFD, 0xFFFD, 0xFFFD, 0xFFFD, 0xFFFD,
        0xFFFD, 0xFFFD, 0xFFFD, 0xFFFD, 0xFFFD, 0xFFFD, 0xFFFD, 0xFFFD, 0xFFFD, 0xFFFD, 0xFFFD, 0xFFFD, 0xFFFD, 0xFFFD, 0xFFFD, 0xFFFD,
        0xFFFD, 0xFFFD, 0xFFFD, 0xFFFD, 0xFFFD, 0xFFFD, 0xFFFD, 0xFFFD, 0xFFFD, 0xFFFD, 0xFFFD, 0xFFFD, 0xFFFD, 0xFFFD, 0xFFFD, 0xFFFD,
        0xFFFD, 0xFFFD, 0xFFFD, 0xFFFD, 0xFFFD, 0xFFFD, 0xFFFD, 0xFFFD, 0xFFFD, 0xFFFD, 0xFFFD, 0xFFFD, 0xFFFD, 0xFFFD, 0xFFFD, 0xFFFD,
        0xFFFD, 0xFFFD, 0xFFFD, 0xFFFD, 0xFFFD, 0xFFFD, 0xFFFD, 0xFFFD, 0xFFFD, 0xFFFD, 0xFFFD, 0xFFFD, 0xFFFD, 0xFFFD, 0xFFFD, 0xFFFD,
        0xFFFD, 0xFFFD, 0xFFFD, 0xFFFD, 0xFFFD, 0xFFFD, 0xFFFD, 0xFFFD, 0xFFFD, 0xFFFD, 0xFFFD, 0xFFFD, 0xFFFD, 0xFFFD, 0xFFFD, 0xFFFD,
      };

      // 20273 IBM273 EBCDIC Germany
      constexpr unsigned short EBCDIC273Table[256] = {
        0x0000, 0x0001, 0x0002, 0x0003, 0x009C, 0x0009, 0x0086, 0x007F, 0x0097, 0x008D, 0x008E, 0x000B, 0x000C, 0x000D, 0x000E, 0x000F,
        0x0010, 0x0011, 0x0012, 0x0013, 0x009D, 0x0085, 0x0008, 0x0087, 0x0018, 0x0019, 0x0092, 0x008F, 0x001C, 0x001D, 0x001E, 0x001F,
        0x0080, 0x0081, 0x0082, 0x0083, 0x0084, 0x000A, 0x0017, 0x001B, 0x0088, 0x0089, 0x008A, 0x008B, 0x008C, 0x0005, 0x0006, 0x0007,
        0x0090, 0x0091, 0x0016, 0x0093, 0x0094, 0x0095, 0x0096, 0x0004, 0x0098, 0x0099, 0x009A, 0x009B, 0x0014, 0x0015, 0x009E, 0x001A,
        0x0020, 0x00A0, 0x00E2, 0x007B, 0x00E0, 0x00E1, 0x00E3, 0x00E5, 0x00E7, 0x00F1, 0x00C4, 0x002E, 0x003C, 0x0028, 0x002B, 0x0021,
        0x0026, 0x00E9, 0x00EA, 0x00EB, 0x00E8, 0x00ED, 0x00EE, 0x00EF, 0x00EC, 0x007E, 0x00DC, 0x0024, 0x002A, 0x0029, 0x003B, 0x005E,
        0x002D, 0x002F, 0x00C2, 0x005B, 0x00C0, 0x00C1, 0x00C3, 0x00C5, 0x00C7, 0x00D1, 0x00F6, 0x002C, 0x0025, 0x005F, 0x003E, 0x003F,
        0x00F8, 0x00C9, 0x00CA, 0x00CB, 0x00C8, 0x00CD, 0x00CE, 0x00CF, 0x00CC, 0x0060, 0x003A, 0x0023, 0x00A7, 0x0027, 0x003D, 0x0022,
        0x00D8, 0x0061, 0x0062, 0x0063, 0x0064, 0x0065, 0x0066, 0x0067, 0x0068, 0x0069, 0x00AB, 0x00BB, 0x00F0, 0x00FD, 0x00FE, 0x00B1,
        0x00B0, 0x006A, 0x006B, 0x006C, 0x006D, 0x006E, 0x006F, 0x0070, 0x0071, 0x0072, 0x00AA, 0x00BA, 0x00E6, 0x00B8, 0x00C6, 0x00A4,
        0x00B5, 0x00DF, 0x0073, 0x0074, 0x0075, 0x0076, 0x0077, 0x0078, 0x0079, 0x007A, 0x00A1, 0x00BF, 0x00D0, 0x00DD, 0x00DE, 0x00AE,
        0x00A2, 0x00A3, 0x00A5, 0x00B7, 0x00A9, 0x0040, 0x00B6, 0x00BC, 0x00BD, 0x00BE, 0x00AC, 0x007C, 0x00AF, 0x00A8, 0x00B4, 0x00D7,
        0x00E4, 0x0041, 0x0042, 0x0043, 0x0044, 0x0045, 0x0046, 0x0047, 0x0048, 0x0049, 0x00AD, 0x00F4, 0x00A6, 0x00F2, 0x00F3, 0x00F5,
        0x00FC, 0x004A, 0x004B, 0x004C, 0x004D, 0x004E, 0x004F, 0x0050, 0x0051, 0x0052, 0x00B9, 0x00FB, 0x007D, 0x00F9, 0x00FA, 0x00FF,
        0x00D6, 0x00F7, 0x0053, 0x0054, 0x0055, 0x0056, 0x0057, 0x0058, 0x0059, 0x005A, 0x00B2, 0x00D4, 0x005C, 0x00D2, 0x00D3, 0x00D5,
        0x0030, 0x0031, 0x0032, 0x0033, 0x0034, 0x0035, 0x0036, 0x0037, 0x0038, 0x0039, 0x00B3, 0x00DB, 0x005D, 0x00D9, 0x00DA, 0x009F,
      };

      // 20277 IBM277 EBCDIC Denmark-Norway
      constexpr unsigned short EBCDIC277Table[256] = {
        0x0000, 0x0001, 0x0002, 0x0003, 0x009C, 0x0009, 0x0086, 0x007F, 0x0097, 0x008D, 0x008E, 0x000B, 0x000C, 0x000D, 0x000E, 0x000F,
        0x0010, 0x0011, 0x0012, 0x0013, 0x009D, 0x0085, 0x0008, 0x0087, 0x0018, 0x0019, 0x0092, 0x008F, 0x001C, 0x001D, 0x001E, 0x001F,
        0x0080, 0x0081, 0x0082, 0x0083, 0x0084, 0x000A, 0x0017, 0x001B, 0x0088, 0x0089, 0x008A, 0x008B, 0x008C, 0x0005, 0x0006, 0x0007,
        0x0090, 0x0091, 0x0016, 0x0093, 0x0094, 0x0095, 0x0096, 0x0004, 0x0098, 0x0099, 0x009A, 0x009B, 0x0014, 0x0015, 0x009E, 0x001A,
        0x0020, 0x00A0, 0x00E2, 0x00E4, 0x00E0, 0x00E1, 0x00E3, 0x007D, 0x00E7, 0x00F1, 0x0023, 0x002E, 0x003C, 0x0028, 0x002B, 0x0021,
        0x0026, 0x00E9, 0x00EA, 0x00EB, 0x00E8, 0x00ED, 0x00EE, 0x00EF, 0x00EC, 0x00DF, 0x00A4, 0x00C5, 0x002A, 0x0029, 0x003B, 0x005E,
        0x002D, 0x002F, 0x00C2, 0x00C4, 0x00C0, 0x00C1, 0x00C3, 0x0024, 0x00C7, 0x00D1, 0x00F8, 0x002C, 0x0025, 0x005F, 0x003E, 0x003F,
        0x00A6, 0x00C9, 0x00CA, 0x00CB, 0x00C8, 0x00CD, 0x00CE, 0x00CF, 0x00CC, 0x0060, 0x003A, 0x00C6, 0x00D8, 0x0027, 0x003D, 0x0022,
        0x0040, 0x0061, 0x0062, 0x0063, 0x0064, 0x0065, 0x0066, 0x0067, 0x0068, 0x0069, 0x00AB, 0x00BB, 0x00F0, 0x00FD, 0x00FE, 0x00B1,
        0x00B0, 0x006A, 0x006B, 0x006C, 0x006D, 0x006E, 0x006F, 0x0070, 0x0071, 0x0072, 0x00AA, 0x00BA, 0x007B, 0x00B8, 0x005B, 0x005D,
        0x00B5, 0x00FC, 0x0073, 0x0074, 0x0075, 0x0076, 0x0077, 0x0078, 0x0079, 0x007A, 0x00A1, 0x00BF, 0x00D0, 0x00DD, 0x00DE, 0x00AE,
        0x00A2, 0x00A3, 0x00A5, 0x00B7, 0x00A9, 0x00A7, 0x00B6, 0x00BC, 0x00BD, 0x00BE, 0x00AC, 0x007C, 0x00AF, 0x00A8, 0x00B4, 0x00D7,
        0x00E6, 0x0041, 0x0042, 0x0043, 0x0044, 0x0045, 0x0046, 0x0047, 0x0048, 0x0049, 0x00AD, 0x00F4, 0x00F6, 0x00F2, 0x00F3, 0x00F5,
        0x00E5, 0x004A, 0x004B, 0x004C, 0x004D, 0x004E, 0x004F, 0x0050, 0x0051, 0x0052, 0x00B9, 0x00FB, 0x007E, 0x00F9, 0x00FA, 0x00FF,
        0x005C, 0x00F7, 0x0053, 0x0054, 0x0055, 0x0056, 0x0057, 0x0058, 0x0059, 0x005A, 0x00B2, 0x00D4, 0x00D6, 0x00D2, 0x00D3, 0x00D5,
        0x0030, 0x0031, 0x0032, 0x0033, 0x0034, 0x0035, 0x0036, 0x0037, 0x0038, 0x0039, 0x00B3, 0x00DB, 0x00DC, 0x00D9, 0x00DA, 0x009F,
      };

      // 20278 IBM278 EBCDIC Finland-Sweden
      constexpr unsigned short EBCDIC278Table[256] = {
        0x0000, 0x0001, 0x0002, 0x0003, 0x009C, 0x0009, 0x0086, 0x007F, 0x0097, 0x008D, 0x008E, 0x000B, 0x000C, 0x000D, 0x000E, 0x000F,
        0x0010, 0x0011, 0x0012, 0x0013, 0x009D, 0x0085, 0x0008, 0x0087, 0x0018, 0x0019, 0x0092, 0x008F, 0x001C, 0x001D, 0x001E, 0x001F,
        0x0080, 0x0081, 0x0082, 0x0083, 0x0084, 0x000A, 0x0017, 0x001B, 0x0088, 0x0089, 0x008A, 0x008B, 0x008C, 0x0005, 0x0006, 0x0007,
        0x0090, 0x0091, 0x0016, 0x0093, 0x0094, 0x0095, 0x0096, 0x0004, 0x0098, 0x0099, 0x009A, 0x009B, 0x0014, 0x0015, 0x009E, 0x001A,
        0x0020, 0x00A0, 0x00E2, 0x007B, 0x00E0, 0x00E1, 0x00E3, 0x007D, 0x00E7, 0x00F1, 0x00A7, 0x002E, 0x003C, 0x0028, 0x002B, 0x0021,
        0x0026, 0x0060, 0x00EA, 0x00EB, 0x00E8, 0x00ED, 0x00EE, 0x00EF, 0x00EC, 0x00DF, 0x00A4, 0x00C5, 0x002A, 0x0029, 0x003B, 0x005E,
        0x002D, 0x002F, 0x00C2, 0x0023, 0x00C0, 0x00C1, 0x00C3, 0x0024, 0x00C7, 0x00D1, 0x00F6, 0x002C, 0x0025, 0x005F, 0x003E, 0x003F,
        0x00F8, 0x00C9, 0x00CA, 0x00CB, 0x00C8, 0x00CD, 0x00CE, 0x00CF, 0x00CC, 0x00E9, 0x003A, 0x00C4, 0x00D6, 0x0027, 0x003D, 0x0022,
        0x00D8, 0x0061, 0x0062, 0x0063, 0x0064, 0x0065, 0x0066, 0x0067, 0x0068, 0x0069, 0x00AB, 0x00BB, 0x00F0, 0x00FD, 0x00FE, 0x00B1,
        0x00B0, 0x006A, 0x006B, 0x006C, 0x006D, 0x006E, 0x006F, 0x0070, 0x0071, 0x0072, 0x00AA, 0x00BA, 0x00E6, 0x00B8, 0x00C6, 0x005D,
        0x00B5, 0x00FC, 0x0073, 0x0074, 0x0075, 0x0076, 0x0077, 0x0078, 0x0079, 0x007A, 0x00A1, 0x00BF, 0x00D0, 0x00DD, 0x00DE, 0x00AE,
        0x00A2, 0x00A3, 0x00A5, 0x00B7, 0x00A9, 0x005B, 0x00B6, 0x00BC, 0x00BD, 0x00BE, 0x00AC, 0x007C, 0x00AF, 0x00A8, 0x00B4, 0x00D7,
        0x00E4, 0x0041, 0x0042, 0x0043, 0x0044, 0x0045, 0x0046, 0x0047, 0x0048, 0x0049, 0x00AD, 0x00F4, 0x00A6, 0x00F2, 0x00F3, 0x00F5,
        0x00E5, 0x004A, 0x004B, 0x004C, 0x004D, 0x004E, 0x004F, 0x0050, 0x0051, 0x0052, 0x00B9, 0x00FB, 0x007E, 0x00F9, 0x00FA, 0x00FF,
        0x005C, 0x00F7, 0x0053, 0x0054, 0x0055, 0x0056, 0x0057, 0x0058, 0x0059, 0x005A, 0x00B2, 0x00D4, 0x0040, 0x00D2, 0x00D3, 0x00D5,
        0x0030, 0x0031, 0x0032, 0x0033, 0x0034, 0x0035, 0x0036, 0x0037, 0x0038, 0x0039, 0x00B3, 0x00DB, 0x00DC, 0x00D9, 0x00DA, 0x009F,
      };

      // 20280 IBM280 EBCDIC Italy
      constexpr unsigned short EBCDIC280Table[256] = {
        0x0000, 0x0001, 0x0002, 0x0003, 0x009C, 0x0009, 0x0086, 0x007F, 0x0097, 0x008D, 0x008E, 0x000B, 0x000C, 0x000D, 0x000E, 0x000F,
        0x0010, 0x0011, 0x0012, 0x0013, 0x009D, 0x0085, 0x0008, 0x0087, 0x0018, 0x0019, 0x0092, 0x008F, 0x001C, 0x001D, 0x001E, 0x001F,
        0x0080, 0x0081, 0x0082, 0x0083, 0x0084, 0x000A, 0x0017, 0x001B, 0x0088, 0x0089, 0x008A, 0x008B, 0x008C, 0x0005, 0x0006, 0x0007,
        0x0090, 0x0091, 0x0016, 0x0093, 0x0094, 0x0095, 0x0096, 0x0004, 0x0098, 0x0099, 0x009A, 0x009B, 0x0014, 0x0015, 0x009E, 0x001A,
        0x0020, 0x00A0, 0x00E2, 0x00E4, 0x007B, 0x00E1, 0x00E3, 0x00E5, 0x005C, 0x00F1, 0x00B0, 0x002E, 0x003C, 0x0028, 0x002B, 0x0021,
        0x0026, 0x005D, 0x00EA, 0x00EB, 0x007D, 0x00ED, 0x00EE, 0x00EF, 0x007E, 0x00DF, 0x00E9, 0x0024, 0x002A, 0x0029, 0x003B, 0x005E,
        0x002D, 0x002F, 0x00C2, 0x00C4, 0x00C0, 0x00C1, 0x00C3, 0x00C5, 0x00C7, 0x00D1, 0x00F2, 0x002C, 0x0025, 0x005F, 0x003E, 0x003F,
        0x00F8, 0x00C9, 0x00CA, 0x00CB, 0x00C8, 0x00CD, 0x00CE, 0x00CF, 0x00CC, 0x00F9, 0x003A, 0x00A3, 0x00A7, 0x0027, 0x003D, 0x0022,
        0x00D8, 0x0061, 0x0062, 0x0063, 0x0064, 0x0065, 0x0066, 0x0067, 0x0068, 0x0069, 0x00AB, 0x00BB, 0x00F0, 0x00FD, 0x00FE, 0x00B1,
        0x005B, 0x006A, 0x006B, 0x006C, 0x006D, 0x006E, 0x006F, 0x0070, 0x0071, 0x0072, 0x00AA, 0x00BA, 0x00E6, 0x00B8, 0x00C6, 0x00A4,
        0x00B5, 0x00EC, 0x0073, 0x0074, 0x0075, 0x0076, 0x0077, 0x0078, 0x0079, 0x007A, 0x00A1, 0x00BF, 0x00D0, 0x00DD, 0x00DE, 0x00AE,
        0x00A2, 0x0023, 0x00A5, 0x00B7, 0x00A9, 0x0040, 0x00B6, 0x00BC, 0x00BD, 0x00BE, 0x00AC, 0x007C, 0x00AF, 0x00A8, 0x00B4, 0x00D7,
        0x00E0, 0x0041, 0x0042, 0x0043, 0x0044, 0x0045, 0x0046, 0x0047, 0x0048, 0x0049, 0x00AD, 0x00F4, 0x00F6, 0x00A6, 0x00F3, 0x00F5,
        0x00E8, 0x004A, 0x004B, 0x004C, 0x004D, 0x004E, 0x004F, 0x0050, 0x0051, 0x0052, 0x00B9, 0x00FB, 0x00FC, 0x0060, 0x00FA, 0x00FF,
        0x00E7, 0x00F7, 0x0053, 0x0054, 0x0055, 0x0056, 0x0057, 0x0058, 0x0059, 0x005A, 0x00B2, 0x00D4, 0x00D6, 0x00D2, 0x00D3, 0x00D5,
        0x0030, 0x0031, 0x0032, 0x0033, 0x0034, 0x0035, 0x0036, 0x0037, 0x0038, 0x0039, 0x00B3, 0x00DB, 0x00DC, 0x00D9, 0x00DA, 0x009F,
      };

      // 20284 IBM284 EBCDIC Latin America-Spain
      constexpr unsigned short EBCDIC284Table[256] = {
        0x0000, 0x0001, 0x0002, 0x0003, 0x009C, 0x0009, 0x0086, 0x007F, 0x0097, 0x008D, 0x008E, 0x000B, 0x000C, 0x000D, 0x000E, 0x000F,
        0x0010, 0x0011, 0x0012, 0x0013, 0x009D, 0x0085, 0x0008, 0x0087, 0x0018, 0x0019, 0x0092, 0x008F, 0x001C, 0x001D, 0x001E, 0x001F,
        0x0080, 0x0081, 0x0082, 0x0083, 0x0084, 0x000A, 0x0017, 0x001B, 0x0088, 0x0089, 0x008A, 0x008B, 0x008C, 0x0005, 0x0006, 0x0007,
        0x0090, 0x0091, 0x0016, 0x0093, 0x0094, 0x0095, 0x0096, 0x0004, 0x0098, 0x0099, 0x009A, 0x009B, 0x0014, 0x0015, 0x009E, 0x001A,
        0x0020, 0x00A0, 0x00E2, 0x00E4, 0x00E0, 0x00E1, 0x00E3, 0x00E5, 0x00E7, 0x00A6, 0x005B, 0x002E, 0x003C, 0x0028, 0x002B, 0x007C,
        0x0026, 0x00E9, 0x00EA, 0x00EB, 0x00E8, 0x00ED, 0x00EE, 0x00EF, 0x00EC, 0x00DF, 0x005D, 0x0024, 0x002A, 0x0029, 0x003B, 0x00AC,
        0x002D, 0x002F, 0x00C2, 0x00C4, 0x00C0, 0x00C1, 0x00C3, 0x00C5, 0x00C7, 0x0023, 0x00F1, 0x002C, 0x0025, 0x005F, 0x003E, 0x003F,
        0x00F8, 0x00C9, 0x00CA, 0x00CB, 0x00C8, 0x00CD, 0x00CE, 0x00CF, 0x00CC, 0x0060, 0x003A, 0x00D1, 0x0040, 0x0027, 0x003D, 0x0022,
        0x00D8, 0x0061, 0x0062, 0x0063, 0x0064, 0x0065, 0x0066, 0x0067, 0x0068, 0x0069, 0x00AB, 0x00BB, 0x00F0, 0x00FD, 0x00FE, 0x00B1,
        0x00B0, 0x006A, 0x006B, 0x006C, 0x006D, 0x006E, 0x006F, 0x0070, 0x0071, 0x0072, 0x00AA, 0x00BA, 0x00E6, 0x00B8, 0x00C6, 0x00A4,
        0x00B5, 0x00A8, 0x0073, 0x0074, 0x0075, 0x0076, 0x0077, 0x0078, 0x0079, 0x007A, 0x00A1, 0x00BF, 0x00D0, 0x00DD, 0x00DE, 0x00AE,
        0x00A2, 0x00A3, 0x00A5, 0x00B7, 0x00A9, 0x00A7, 0x00B6, 0x00BC, 0x00BD, 0x00BE, 0x005E, 0x0021, 0x00AF, 0x007E, 0x00B4, 0x00D7,
        0x007B, 0x0041, 0x0042, 0x0043, 0x0044, 0x0045, 0x0046, 0x0047, 0x0048, 0x0049, 0x00AD, 0x00F4, 0x00F6, 0x00F2, 0x00F3, 0x00F5,
        0x007D, 0x004A, 0x004B, 0x004C, 0x004D, 0x004E, 0x004F, 0x0050, 0x0051, 0x0052, 0x00B9, 0x00FB, 0x00FC, 0x00F9, 0x00FA, 0x00FF,
        0x005C, 0x00F7, 0x0053, 0x0054, 0x0055, 0x0056, 0x0057, 0x0058, 0x0059, 0x005A, 0x00B2, 0x00D4, 0x00D6, 0x00D2, 0x00D3, 0x00D5,
        0x0030, 0x0031, 0x0032, 0x0033, 0x0034, 0x0035, 0x0036, 0x0037, 0x0038, 0x0039, 0x00B3, 0x00DB, 0x00DC, 0x00D9, 0x00DA, 0x009F,
      };

      // 20285 IBM285 EBCDIC United Kingdom
      constexpr unsigned short EBCDIC285Table[256] = {
        0x0000, 0x0001, 0x0002, 0x0003, 0x009C, 0x0009, 0x0086, 0x007F, 0x0097, 0x008D, 0x008E, 0x000B, 0x000C, 0x000D, 0x000E, 0x000F,
        0x0010, 0x0011, 0x0012, 0x0013, 0x009D, 0x0085, 0x0008, 0x0087, 0x0018, 0x0019, 0x0092, 0x008F, 0x001C, 0x001D, 0x001E, 0x001F,
        0x0080, 0x0081, 0x0082, 0x0083, 0x0084, 0x000A, 0x0017, 0x001B, 0x0088, 0x0089, 0x008A, 0x008B, 0x008C, 0x0005, 0x0006, 0x0007,
        0x0090, 0x0091, 0x0016, 0x0093, 0x0094, 0x0095, 0x0096, 0x0004, 0x0098, 0x0099, 0x009A, 0x009B, 0x0014, 0x0015, 0x009E, 0x001A,
        0x0020, 0x00A0, 0x00E2, 0x00E4, 0x00E0, 0x00E1, 0x00E3, 0x00E5, 0x00E7, 0x00F1, 0x0024, 0x002E, 0x003C, 0x0028, 0x002B, 0x007C,
        0x0026, 0x00E9, 0x00EA, 0x00EB, 0x00E8, 0x00ED, 0x00EE, 0x00EF, 0x00EC, 0x00DF, 0x0021, 0x00A3, 0x002A, 0x0029, 0x003B, 0x00AC,
        0x002D, 0x002F, 0x00C2, 0x00C4, 0x00C0, 0x00C1, 0x00C3, 0x00C5, 0x00C7, 0x00D1, 0x00A6, 0x002C, 0x0025, 0x005F, 0x003E, 0x003F,
        0x00F8, 0x00C9, 0x00CA, 0x00CB, 0x00C8, 0x00CD, 0x00CE, 0x00CF, 0x00CC, 0x0060, 0x003A, 0x0023, 0x0040, 0x0027, 0x003D, 0x0022,
        0x00D8, 0x0061, 0x0062, 0x0063, 0x0064, 0x0065, 0x0066, 0x0067, 0x0068, 0x0069, 0x00AB, 0x00BB, 0x00F0, 0x00FD, 0x00FE, 0x00B1,
        0x00B0, 0x006A, 0x006B, 0x006C, 0x006D, 0x006E, 0x006F, 0x0070, 0x0071, 0x0072, 0x00AA, 0x00BA, 0x00E6, 0x00B8, 0x00C6, 0x00A4,
        0x00B5, 0x203E, 0x0073, 0x0074, 0x0075, 0x0076, 0x0077, 0x0078, 0x0079, 0x007A, 0x00A1, 0x00BF, 0x00D0, 0x00DD, 0x00DE, 0x00AE,
        0x00A2, 0x005B, 0x00A5, 0x00B7, 0x00A9, 0x00A7, 0x00B6, 0x00BC, 0x00BD, 0x00BE, 0x005E, 0x005D, 0x007E, 0x00A8, 0x00B4, 0x00D7,
        0x007B, 0x0041, 0x0042, 0x0043, 0x0044, 0x0045, 0x0046, 0x0047, 0x0048, 0x0049, 0x00AD, 0x00F4, 0x00F6, 0x00F2, 0x00F3, 0x00F5,
        0x007D, 0x004A, 0x004B, 0x004C, 0x004D, 0x004E, 0x004F, 0x0050, 0x0051, 0x0052, 0x00B9, 0x00FB, 0x00FC, 0x00F9, 0x00FA, 0x00FF,
        0x005C, 0x00F7, 0x0053, 0x0054, 0x0055, 0x0056, 0x0057, 0x0058, 0x0059, 0x005A, 0x00B2, 0x00D4, 0x00D6, 0x00D2, 0x00D3, 0x00D5,
        0x0030, 0x0031, 0x0032, 0x0033, 0x0034, 0x0035, 0x0036, 0x0037, 0x0038, 0x0039, 0x00B3, 0x00DB, 0x00DC, 0x00D9, 0x00DA, 0x009F,
      };

      // 20290 IBM290 EBCDIC Japanese Katakana Extended
      constexpr unsigned short EBCDIC290Table[256] = {
        0x0000, 0x0001, 0x0002, 0x0003, 0x009C, 0x0009, 0x0086, 0x007F, 0x0097, 0x008D, 0x008E, 0x000B, 0x000C, 0x000D, 0x000E, 0x000F,
        0x0010, 0x0011, 0x0012, 0x0013, 0x009D, 0x0085, 0x0008, 0x0087, 0x0018, 0x0019, 0x0092, 0x008F, 0x001C, 0x001D, 0x001E, 0x001F,
        0x0080, 0x0081, 0x0082, 0x0083, 0x0084, 0x000A, 0x0017, 0x001B, 0x0088, 0x0089, 0x008A, 0x008B, 0x008C, 0x0005, 0x0006, 0x0007,
        0x0090, 0x0091, 0x0016, 0x0093, 0x0094, 0x0095, 0x0096, 0x0004, 0x0098, 0x0099, 0x009A, 0x009B, 0x0014, 0x0015, 0x009E, 0x001A,
        0x0020, 0x3002, 0x300C, 0x300D, 0x3001, 0x30FB, 0x30F2, 0x30A1, 0x30A3, 0x30A5, 0x00A3, 0x002E, 0x003C, 0x0028, 0x002B, 0x007C,
        0x0026, 0x30A7, 0x30A9, 0x30E3, 0x30E5, 0x30E7, 0x30C3, 0xFFFD, 0x30FC, 0xFFFD, 0x0021, 0x00A5, 0x002A, 0x0029, 0x003B, 0x00AC,
        0x002D, 0x002F, 0xFFFD, 0xFFFD, 0xFFFD, 0xFFFD, 0xFFFD, 0xFFFD, 0xFFFD, 0xFFFD, 0x00A6, 0x002C, 0x0025, 0x005F, 0x003E, 0x003F,
        0xFFFD, 0xFFFD, 0xFFFD, 0xFFFD, 0xFFFD, 0xFFFD, 0xFFFD, 0xFFFD, 0xFFFD, 0x0060, 0x003A, 0x0023, 0x0040, 0x0027, 0x003D, 0x0022,
        0x0080, 0x30A2, 0x30A4, 0x30A6, 0x30A8, 0x30AA, 0x30AB, 0x30AD, 0x30AF, 0x30B1, 0x30B3, 0x008B, 0x30B5, 0x30B7, 0x30B9, 0x30BB,
        0x30BD, 0x30BF, 0x30C1, 0x30C4, 0x30C6, 0x30C8, 0x30CA, 0x30CB, 0x30CC, 0x30CD, 0x30CE, 0x009B, 0x009C, 0x30CF, 0x30D2, 0x30D5,
        0xFFFD, 0x203E, 0x30D8, 0x30DB, 0x30DE, 0x30DF, 0x30E0, 0x30E1, 0x30E2, 0x30E4, 0x30E6, 0xFFFD, 0x30E8, 0x30E9, 0x30EA, 0x30EB,
        0xFFFD, 0xFFFD, 0xFFFD, 0xFFFD, 0xFFFD, 0xFFFD, 0xFFFD, 0xFFFD, 0xFFFD, 0xFFFD, 0x30EC, 0x30ED, 0x30EF, 0x30F3, 0x309B, 0x309C,
        0xFFFD, 0x0041, 0x0042, 0x0043, 0x0044, 0x0045, 0x0046, 0x0047, 0x0048, 0x0049, 0xFFFD, 0xFFFD, 0xFFFD, 0xFFFD, 0xFFFD, 0xFFFD,
        0xFFFD, 0x004A, 0x004B, 0x004C, 0x004D, 0x004E, 0x004F, 0x0050, 0x0051, 0x0052, 0xFFFD, 0xFFFD, 0xFFFD, 0xFFFD, 0xFFFD, 0xFFFD,
        0x0024, 0xFFFD, 0x0053, 0x0054, 0x0055, 0x0056, 0x0057, 0x0058, 0x0059, 0x005A, 0xFFFD, 0xFFFD, 0xFFFD, 0xFFFD, 0xFFFD, 0xFFFD,
        0x0030, 0x0031, 0x0032, 0x0033, 0x0034, 0x0035, 0x0036, 0x0037, 0x0038, 0x0039, 0xFFFD, 0xFFFD, 0xFFFD, 0xFFFD, 0xFFFD, 0x009F,
      };

      // 20297 IBM297 EBCDIC France
      constexpr unsigned short EBCDIC297Table[256] = {
        0x0000, 0x0001, 0x0002, 0x0003, 0x009C, 0x0009, 0x0086, 0x007F, 0x0097, 0x008D, 0x008E, 0x000B, 0x000C, 0x000D, 0x000E, 0x000F,
        0x0010, 0x0011, 0x0012, 0x0013, 0x009D, 0x0085, 0x0008, 0x0087, 0x0018, 0x0019, 0x0092, 0x008F, 0x001C, 0x001D, 0x001E, 0x001F,
        0x0080, 0x0081, 0x0082, 0x0083, 0x0084, 0x000A, 0x0017, 0x001B, 0x0088, 0x0089, 0x008A, 0x008B, 0x008C, 0x0005, 0x0006, 0x0007,
        0x0090, 0x0091, 0x0016, 0x0093, 0x0094, 0x0095, 0x0096, 0x0004, 0x0098, 0x0099, 0x009A, 0x009B, 0x0014, 0x0015, 0x009E, 0x001A,
        0x0020, 0x00A0, 0x00E2, 0x00E4, 0x0040, 0x00E1, 0x00E3, 0x00E5, 0x005C, 0x00F1, 0x00B0, 0x002E, 0x003C, 0x0028, 0x002B, 0x0021,
        0x0026, 0x007B, 0x00EA, 0x00EB, 0x007D, 0x00ED, 0x00EE, 0x00EF, 0x00EC, 0x00DF, 0x00A7, 0x0024, 0x002A, 0x0029, 0x003B, 0x005E,
        0x002D, 0x002F, 0x00C2, 0x00C4, 0x00C0, 0x00C1, 0x00C3, 0x00C5, 0x00C7, 0x00D1, 0x00F9, 0x002C, 0x0025, 0x005F, 0x003E, 0x003F,
        0x00F8, 0x00C9, 0x00CA, 0x00CB, 0x00C8, 0x00CD, 0x00CE, 0x00CF, 0x00CC, 0x00B5, 0x003A, 0x00A3, 0x00E0, 0x0027, 0x003D, 0x0022,
        0x00D8, 0x0061, 0x0062, 0x0063, 0x0064, 0x0065, 0x0066, 0x0067, 0x0068, 0x0069, 0x00AB, 0x00BB, 0x00F0, 0x00FD, 0x00FE, 0x00B1,
        0x005B, 0x006A, 0x006B, 0x006C, 0x006D, 0x006E, 0x006F, 0x0070, 0x0071, 0x0072, 0x00AA, 0x00BA, 0x00E6, 0x00B8, 0x00C6, 0x00A4,
        0x0060, 0x00A8, 0x0073, 0x0074, 0x0075, 0x0076, 0x0077, 0x0078, 0x0079, 0x007A, 0x00A1, 0x00BF, 0x00D0, 0x00DD, 0x00DE, 0x00AE,
        0x00A2, 0x0023, 0x00A5, 0x00B7, 0x00A9, 0x005D, 0x00B6, 0x00BC, 0x00BD, 0x00BE, 0x00AC, 0x007C, 0x00AF, 0x007E, 0x00B4, 0x00D7,
        0x00E9, 0x0041, 0x0042, 0x0043, 0x0044, 0x0045, 0x0046, 0x0047, 0x0048, 0x0049, 0x00AD, 0x00F4, 0x00F6, 0x00F2, 0x00F3, 0x00F5,
        0x00E8, 0x004A, 0x004B, 0x004C, 0x004D, 0x004E, 0x004F, 0x0050, 0x0051, 0x0052, 0x00B9, 0x00FB, 0x00FC, 0x00A6, 0x00FA, 0x00FF,
        0x00E7, 0x00F7, 0x0053, 0x0054, 0x0055, 0x0056, 0x0057, 0x0058, 0x0059, 0x005A, 0x00B2, 0x00D4, 0x00D6, 0x00D2, 0x00D3, 0x00D5,
        0x0030, 0x0031, 0x0032, 0x0033, 0x0034, 0x0035, 0x0036, 0x0037, 0x0038, 0x0039, 0x00B3, 0x00DB, 0x00DC, 0x00D9, 0x00DA, 0x009F,
      };

      // 20420 IBM420 EBCDIC Arabic
      constexpr unsigned short EBCDIC420Table[256] = {
        0x0000, 0x0001, 0x0002, 0x0003, 0x009C, 0x0009, 0x0086, 0x007F, 0x0097, 0x008D, 0x008E, 0x000B, 0x000C, 0x000D, 0x000E, 0x000F,
        0x0010, 0x0011, 0x0012, 0x0013, 0x009D, 0x0085, 0x0008, 0x0087, 0x0018, 0x0019, 0x0092, 0x008F, 0x001C, 0x001D, 0x001E, 0x001F,
        0x0080, 0x0081, 0x0082, 0x0083, 0x0084, 0x000A, 0x0017, 0x001B, 0x0088, 0x0089, 0x008A, 0x008B, 0x008C, 0x0005, 0x0006, 0x0007,
        0x0090, 0x0091, 0x0016, 0x0093, 0x0094, 0x0095, 0x0096, 0x0004, 0x0098, 0x0099, 0x009A, 0x009B, 0x0014, 0x0015, 0x009E, 0x001A,
        0x0020, 0x00A0, 0x0651, 0xFE7D, 0x0640, 0xFFFD, 0x0621, 0x0622, 0xFE82, 0x0623, 0x00A2, 0x002E, 0x003C, 0x0028, 0x002B, 0x007C,
        0x0026, 0xFE84, 0x0624, 0xFFFD, 0xFFFD, 0x0626, 0x0627, 0xFE8E, 0x0628, 0xFE91, 0x0021, 0x0024, 0x002A, 0x0029, 0x003B, 0x00AC,
        0x002D, 0x002F, 0x0629, 0x062A, 0xFE97, 0x062B, 0xFE9B, 0x062C, 0xFE9F, 0x062D, 0x00A6, 0x002C, 0x0025, 0x005F, 0x003E, 0x003F,
        0xFEA3, 0x062E, 0xFEA7, 0x062F, 0x0630, 0x0631, 0x0632, 0x0633, 0xFEB3, 0x060C, 0x003A, 0x0023, 0x0040, 0x0027, 0x003D, 0x0022,
        0x0634, 0x0061, 0x0062, 0x0063, 0x0064, 0x0065, 0x0066, 0x0067, 0x0068, 0x0069, 0xFEB7, 0x0635, 0xFEBB, 0x0636, 0xFEBF, 0x0637,
        0x0638, 0x006A, 0x006B, 0x006C, 0x006D, 0x006E, 0x006F, 0x0070, 0x0071, 0x0072, 0x0639, 0xFECA, 0xFECB, 0xFECC, 0x063A, 0xFECE,
        0xFECF, 0x00F7, 0x0073, 0x0074, 0x0075, 0x0076, 0x0077, 0x0078, 0x0079, 0x007A, 0xFED0, 0x0641, 0xFED3, 0x0642, 0xFED7, 0x0643,
        0xFEDB, 0x0644, 0xFEF5, 0xFEF6, 0xFEF7, 0xFEF8, 0xFFFD, 0xFFFD, 0xFEFB, 0xFEFC, 0xFEDF, 0x0645, 0xFEE3, 0x0646, 0xFEE7, 0x0647,
        0x061B, 0x0041, 0x0042, 0x0043, 0x0044, 0x0045, 0x0046, 0x0047, 0x0048, 0x0049, 0x00AD, 0xFEEB, 0xFFFD, 0xFEEC, 0xFFFD, 0x0648,
        0x061F, 0x004A, 0x004B, 0x004C, 0x004D, 0x004E, 0x004F, 0x0050, 0x0051, 0x0052, 0x0649, 0xFEF0, 0x064A, 0xFEF2, 0xFEF3, 0x0660,
        0x00D7, 0xFFFD, 0x0053, 0x0054, 0x0055, 0x0056, 0x0057, 0x0058, 0x0059, 0x005A, 0x0661, 0x0662, 0xFFFD, 0x0663, 0x0664, 0x0665,
        0x0030, 0x0031, 0x0032, 0x0033, 0x0034, 0x0035, 0x0036, 0x0037, 0x0038, 0x0039, 0xFFFD, 0x0666, 0x0667, 0x0668, 0x0669, 0x009F,
      };

      // 20423 IBM423 EBCDIC Greek
      constexpr unsigned short EBCDIC423Table[256] = {
        0x0000, 0x0001, 0x0002, 0x0003, 0x009C, 0x0009, 0x0086, 0x007F, 0x0097, 0x008D, 0x008E, 0x000B, 0x000C, 0x000D, 0x000E, 0x000F,
        0x0010, 0x0011, 0x0012, 0x0013, 0x009D, 0x0085, 0x0008, 0x0087, 0x0018, 0x0019, 0x0092, 0x008F, 0x001C, 0x001D, 0x001E, 0x001F,
        0x0080, 0x0081, 0x0082, 0x0083, 0x0084, 0x000A, 0x0017, 0x001B, 0x0088, 0x0089, 0x008A, 0x008B, 0x008C, 0x0005, 0x0006, 0x0007,
        0x0090, 0x0091, 0x0016, 0x0093, 0x0094, 0x0095, 0x0096, 0x0004, 0x0098, 0x0099, 0x009A, 0x009B, 0x0014, 0x0015, 0x009E, 0x001A,
        0x0020, 0x0391, 0x0392, 0x0393, 0x0394, 0x0395, 0x0396, 0x0397, 0x0398, 0x0399, 0x005B, 0x002E, 0x003C, 0x0028, 0x002B, 0x0021,
        0x0026, 0x039A, 0x039B, 0x039C, 0x039D, 0x039E, 0x039F, 0x03A0, 0x03A1, 0x03A3, 0x005D, 0x0024, 0x002A, 0x0029, 0x003B, 0x005E,
        0x002D, 0x002F, 0x03A4, 0x03A5, 0x03A6, 0x03A7, 0x03A8, 0x03A9, 0xFFFD, 0xFFFD, 0xFFFD, 0x002C, 0x0025, 0x005F, 0x003E, 0x003F,
        0xFFFD, 0x0386, 0x0388, 0x0389, 0xFFFD, 0x038A, 0x038C, 0x038E, 0x038F, 0x0060, 0x003A, 0x00A3, 0x00A7, 0x0027, 0x003D, 0x0022,
        0x00C4, 0x0061, 0x0062, 0x0063, 0x0064, 0x0065, 0x0066, 0x0067, 0x0068, 0x0069, 0x03B1, 0x03B2, 0x03B3, 0x03B4, 0x03B5, 0x03B6,
        0x00D6, 0x006A, 0x006B, 0x006C, 0x006D, 0x006E, 0x006F, 0x0070, 0x0071, 0x0072, 0x03B7, 0x03B8, 0x03B9, 0x03BA, 0x03BB, 0x03BC,
        0x00DC, 0x00A8, 0x0073, 0x0074, 0x0075, 0x0076, 0x0077, 0x0078, 0x0079, 0x007A, 0x03BD, 0x03BE, 0x03BF, 0x03C0, 0x03C1, 0x03C2,
        0xFFFD, 0x03AC, 0x03AD, 0x03AE, 0x03CA, 0x03AF, 0x03CC, 0x03CD, 0x03CB, 0x03CE, 0x03C3, 0x03C4, 0x03C5, 0x03C6, 0x03C7, 0x03C8,
        0x00B8, 0x0041, 0x0042, 0x0043, 0x0044, 0x0045, 0x0046, 0x0047, 0x0048, 0x0049, 0xFFFD, 0x03C9, 0x00C2, 0x00E0, 0x00E4, 0x00EA,
        0x00B4, 0x004A, 0x004B, 0x004C, 0x004D, 0x004E, 0x004F, 0x0050, 0x0051, 0x0052, 0x00B1, 0x00E9, 0x00E8, 0x00EB, 0x00EE, 0x00EF,
        0x00B0, 0xFFFD, 0x0053, 0x0054, 0x0055, 0x0056, 0x0057, 0x0058, 0x0059, 0x005A, 0x00BD, 0x00F6, 0x00F4, 0x00FB, 0x00F9, 0x00FC,
        0x0030, 0x0031, 0x0032, 0x0033, 0x0034, 0x0035, 0x0036, 0x0037, 0x0038, 0x0039, 0x00FF, 0x00E7, 0x00C7, 0xFFFD, 0xFFFD, 0x009F,
      };

      // 20424 IBM424 EBCDIC Hebrew
      constexpr unsigned short EBCDIC424Table[256] = {
        0x0000, 0x0001, 0x0002, 0x0003, 0x009C, 0x0009, 0x0086, 0x007F, 0x0097, 0x008D, 0x008E, 0x000B, 0x000C, 0x000D, 0x000E, 0x000F,
        0x0010, 0x0011, 0x0012, 0x0013, 0x009D, 0x0085, 0x0008, 0x0087, 0x0018, 0x0019, 0x0092, 0x008F, 0x001C, 0x001D, 0x001E, 0x001F,
        0x0080, 0x0081, 0x0082, 0x0083, 0x0084, 0x000A, 0x0017, 0x001B, 0x0088, 0x0089, 0x008A, 0x008B, 0x008C, 0x0005, 0x0006, 0x0007,
        0x0090, 0x0091, 0x0016, 0x0093, 0x0094, 0x0095, 0x0096, 0x0004, 0x0098, 0x0099, 0x009A, 0x009B, 0x0014, 0x0015, 0x009E, 0x001A,
        0x0020, 0x05D0, 0x05D1, 0x05D2, 0x05D3, 0x05D4, 0x05D5, 0x05D6, 0x05D7, 0x05D8, 0x00A2, 0x002E, 0x003C, 0x0028, 0x002B, 0x007C,
        0x0026, 0x05D9, 0x05DA, 0x05DB, 0x05DC, 0x05DD, 0x05DE, 0x05DF, 0x05E0, 0x05E1, 0x0021, 0x0024, 0x002A, 0x0029, 0x003B, 0x00AC,
        0x002D, 0x002F, 0x05E2, 0x05E3, 0x05E4, 0x05E5, 0x05E6, 0x05E7, 0x05E8, 0x05E9, 0x00A6, 0x002C, 0x0025, 0x005F, 0x003E, 0x003F,
        0xFFFD, 0x05EA, 0xFFFD, 0xFFFD, 0x00A0, 0xFFFD, 0xFFFD, 0xFFFD, 0x2017, 0x0060, 0x003A, 0x0023, 0x0040, 0x0027, 0x003D, 0x0022,
        0x0080, 0x0061, 0x0062, 0x0063, 0x0064, 0x0065, 0x0066, 0x0067, 0x0068, 0x0069, 0x00AB, 0x00BB, 0x008C, 0x008D, 0x008E, 0x00B1,
        0x00B0, 0x006A, 0x006B, 0x006C, 0x006D, 0x006E, 0x006F, 0x0070, 0x0071, 0x0072, 0x009A, 0x009B, 0x009C, 0x00B8, 0x009E, 0x00A4,
        0x00B5, 0x007E, 0x0073, 0x0074, 0x0075, 0x0076, 0x0077, 0x0078, 0x0079, 0x007A, 0xFFFD, 0xFFFD, 0xFFFD, 0xFFFD, 0xFFFD, 0x00AE,
        0x005E, 0x00A3, 0x00A5, 0x00B7, 0x00A9, 0x00A7, 0x00B6, 0x00BC, 0x00BD, 0x00BE, 0x005B, 0x005D, 0x00AF, 0x00A8, 0x00B4, 0x00D7,
        0x007B, 0x0041, 0x0042, 0x0043, 0x0044, 0x0045, 0x0046, 0x0047, 0x0048, 0x0049, 0x00AD, 0xFFFD, 0xFFFD, 0xFFFD, 0xFFFD, 0xFFFD,
        0x007D, 0x004A, 0x004B, 0x004C, 0x004D, 0x004E, 0x004F, 0x0050, 0x0051, 0x0052, 0x00B9, 0xFFFD, 0xFFFD, 0xFFFD, 0xFFFD, 0xFFFD,
        0x005C, 0x00F7, 0x0053, 0x0054, 0x0055, 0x0056, 0x0057, 0x0058, 0x0059, 0x005A, 0x00B2, 0xFFFD, 0xFFFD, 0xFFFD, 0xFFFD, 0xFFFD,
        0x0030, 0x0031, 0x0032, 0x0033, 0x0034, 0x0035, 0x0036, 0x0037, 0x0038, 0x0039, 0x00B3, 0xFFFD, 0xFFFD, 0xFFFD, 0xFFFD, 0x009F,
      };

      // 20866 KOI8-R
      constexpr unsigned short KOI8RTable[256] = {
        0x0000, 0x0001, 0x0002, 0x0003, 0x0004, 0x0005, 0x0006, 0x0007, 0x0008, 0x0009, 0x000A, 0x000B, 0x000C, 0x000D, 0x000E, 0x000F,
        0x0010, 0x0011, 0x0012, 0x0013, 0x0014, 0x0015, 0x0016, 0x0017, 0x0018, 0x0019, 0x001A, 0x001B, 0x001C, 0x001D, 0x001E, 0x001F,
        0x0020, 0x0021, 0x0022, 0x0023, 0x0024, 0x0025, 0x0026, 0x0027, 0x0028, 0x0029, 0x002A, 0x002B, 0x002C, 0x002D, 0x002E, 0x002F,
        0x0030, 0x0031, 0x0032, 0x0033, 0x0034, 0x0035, 0x0036, 0x0037, 0x0038, 0x0039, 0x003A, 0x003B, 0x003C, 0x003D, 0x003E, 0x003F,
        0x0040, 0x0041, 0x0042, 0x0043, 0x0044, 0x0045, 0x0046, 0x0047, 0x0048, 0x0049, 0x004A, 0x004B, 0x004C, 0x004D, 0x004E, 0x004F,
        0x0050, 0x0051, 0x0052, 0x0053, 0x0054, 0x0055, 0x0056, 0x0057, 0x0058, 0x0059, 0x005A, 0x005B, 0x005C, 0x005D, 0x005E, 0x005F,
        0x0060, 0x0061, 0x0062, 0x0063, 0x0064, 0x0065, 0x0066, 0x0067, 0x0068, 0x0069, 0x006A, 0x006B, 0x006C, 0x006D, 0x006E, 0x006F,
        0x0070, 0x0071, 0x0072, 0x0073, 0x0074, 0x0075, 0x0076, 0x0077, 0x0078, 0x0079, 0x007A, 0x007B, 0x007C, 0x007D, 0x007E, 0x007F,
        0x2500, 0x2502, 0x250C, 0x2510, 0x2514, 0x2518, 0x251C, 0x2524, 0x252C, 0x2534, 0x253C, 0x2580, 0x2584, 0x2588, 0x258C, 0x2590,
        0x2591, 0x2592, 0x2593, 0x2320, 0x25A0, 0x2219, 0x221A, 0x2248, 0x2264, 0x2265, 0x00A0, 0x2321, 0x00B0, 0x00B2, 0x00B7, 0x00F7,
        0x2550, 0x2551, 0x2552, 0x0451, 0x2553, 0x2554, 0x2555, 0x2556, 0x2557, 0x2558, 0x2559, 0x255A, 0x255B, 0x255C, 0x255D, 0x255E,
        0x255F, 0x2560, 0x2561, 0x0401, 0x2562, 0x2563, 0x2564, 0x2565, 0x2566, 0x2567, 0x2568, 0x2569, 0x256A, 0x256B, 0x256C, 0x00A9,
        0x044E, 0x0430, 0x0431, 0x0446, 0x0434, 0x0435, 0x0444, 0x0433, 0x0445, 0x0438, 0x0439, 0x043A, 0x043B, 0x043C, 0x043D, 0x043E,
        0x043F, 0x044F, 0x0440, 0x0441, 0x0442, 0x0443, 0x0436, 0x0432, 0x044C, 0x044B, 0x0437, 0x0448, 0x044D, 0x0449, 0x0447, 0x044A,
        0x042E, 0x0410, 0x0411, 0x0426, 0x0414, 0x0415, 0x0424, 0x0413, 0x0425, 0x0418, 0x0419, 0x041A, 0x041B, 0x041C, 0x041D, 0x041E,
        0x041F, 0x042F, 0x0420, 0x0421, 0x0422, 0x0423, 0x0416, 0x0412, 0x042C, 0x042B, 0x0417, 0x0428, 0x042D, 0x0429, 0x0427, 0x042A,
      };

      // 20871 IBM871 EBCDIC Icelandic
      constexpr unsigned short EBCDIC871Table[256] = {
        0x0000, 0x0001, 0x0002, 0x0003, 0x009C, 0x0009, 0x0086, 0x007F, 0x0097, 0x008D, 0x008E, 0x000B, 0x000C, 0x000D, 0x000E, 0x000F,
        0x0010, 0x0011, 0x0012, 0x0013, 0x009D, 0x0085, 0x0008, 0x0087, 0x0018, 0x0019, 0x0092, 0x008F, 0x001C, 0x001D, 0x001E, 0x001F,
        0x0080, 0x0081, 0x0082, 0x0083, 0x0084, 0x000A, 0x0017, 0x001B, 0x0088, 0x0089, 0x008A, 0x008B, 0x008C, 0x0005, 0x0006, 0x0007,
        0x0090, 0x0091, 0x0016, 0x0093, 0x0094, 0x0095, 0x0096, 0x0004, 0x0098, 0x0099, 0x009A, 0x009B, 0x0014, 0x0015, 0x009E, 0x001A,
        0x0020, 0x00A0, 0x00E2, 0x00E4, 0x00E0, 0x00E1, 0x00E3, 0x00E5, 0x00E7, 0x00F1, 0x00FE, 0x002E, 0x003C, 0x0028, 0x002B, 0x0021,
        0x0026, 0x00E9, 0x00EA, 0x00EB, 0x00E8, 0x00ED, 0x00EE, 0x00EF, 0x00EC, 0x00DF, 0x00C6, 0x0024, 0x002A, 0x0029, 0x003B, 0x00D6,
        0x002D, 0x002F, 0x00C2, 0x00C4, 0x00C0, 0x00C1, 0x00C3, 0x00C5, 0x00C7, 0x00D1, 0x00A6, 0x002C, 0x0025, 0x005F, 0x003E, 0x003F,
        0x00F8, 0x00C9, 0x00CA, 0x00CB, 0x00C8, 0x00CD, 0x00CE, 0x00CF, 0x00CC, 0x00F0, 0x003A, 0x0023, 0x00D0, 0x0027, 0x003D, 0x0022,
        0x00D8, 0x0061, 0x0062, 0x0063, 0x0064, 0x0065, 0x0066, 0x0067, 0x0068, 0x0069, 0x00AB, 0x00BB, 0x0060, 0x00FD, 0x007B, 0x00B1,
        0x00B0, 0x006A, 0x006B, 0x006C, 0x006D, 0x006E, 0x006F, 0x0070, 0x0071, 0x0072, 0x00AA, 0x00BA, 0x007D, 0x00B8, 0x005D, 0x00A4,
        0x00B5, 0x00F6, 0x0073, 0x0074, 0x0075, 0x0076, 0x0077, 0x0078, 0x0079, 0x007A, 0x00A1, 0x00BF, 0x0040, 0x00DD, 0x005B, 0x00AE,
        0x00A2, 0x00A3, 0x00A5, 0x00B7, 0x00A9, 0x00A7, 0x00B6, 0x00BC, 0x00BD, 0x00BE, 0x00AC, 0x007C, 0x00AF, 0x00A8, 0x005C, 0x00D7,
        0x00DE, 0x0041, 0x0042, 0x0043, 0x0044, 0x0045, 0x0046, 0x0047, 0x0048, 0x0049, 0x00AD, 0x00F4, 0x007E, 0x00F2, 0x00F3, 0x00F5,
        0x00E6, 0x004A, 0x004B, 0x004C, 0x004D, 0x004E, 0x004F, 0x0050, 0x0051, 0x0052, 0x00B9, 0x00FB, 0x00FC, 0x00F9, 0x00FA, 0x00FF,
        0x00B4, 0x00F7, 0x0053, 0x0054, 0x0055, 0x0056, 0x0057, 0x0058, 0x0059, 0x005A, 0x00B2, 0x00D4, 0x005E, 0x00D2, 0x00D3, 0x00D5,
        0x0030, 0x0031, 0x0032, 0x0033, 0x0034, 0x0035, 0x0036, 0x0037, 0x0038, 0x0039, 0x00B3, 0x00DB, 0x00DC, 0x00D9, 0x00DA, 0x009F,
      };

      // 20924 IBM924 EBCDIC Latin 9 (1047 with Euro)
      constexpr unsigned short EBCDIC20924Table[256] = {
        0x0000, 0x0001, 0x0002, 0x0003, 0x009C, 0x0009, 0x0086, 0x007F, 0x0097, 0x008D, 0x008E, 0x000B, 0x000C, 0x000D, 0x000E, 0x000F,
        0x0010, 0x0011, 0x0012, 0x0013, 0x009D, 0x0085, 0x0008, 0x0087, 0x0018, 0x0019, 0x0092, 0x008F, 0x001C, 0x001D, 0x001E, 0x001F,
        0x0080, 0x0081, 0x0082, 0x0083, 0x0084, 0x000A, 0x0017, 0x001B, 0x0088, 0x0089, 0x008A, 0x008B, 0x008C, 0x0005, 0x0006, 0x0007,
        0x0090, 0x0091, 0x0016, 0x0093, 0x0094, 0x0095, 0x0096, 0x0004, 0x0098, 0x0099, 0x009A, 0x009B, 0x0014, 0x0015, 0x009E, 0x001A,
        0x0020, 0x00A0, 0x00E2, 0x00E4, 0x00E0, 0x00E1, 0x00E3, 0x00E5, 0x00E7, 0x00F1, 0x00DD, 0x002E, 0x003C, 0x0028, 0x002B, 0x007C,
        0x0026, 0x00E9, 0x00EA, 0x00EB, 0x00E8, 0x00ED, 0x00EE, 0x00EF, 0x00EC, 0x00DF, 0x0021, 0x0024, 0x002A, 0x0029, 0x003B, 0x005E,
        0x002D, 0x002F, 0x00C2, 0x00C4, 0x00C0, 0x00C1, 0x00C3, 0x00C5, 0x00C7, 0x00D1, 0x0160, 0x002C, 0x0025, 0x005F, 0x003E, 0x003F,
        0x00F8, 0x00C9, 0x00CA, 0x00CB, 0x00C8, 0x00CD, 0x00CE, 0x00CF, 0x00CC, 0x0060, 0x003A, 0x0023, 0x0040, 0x0027, 0x003D, 0x0022,
        0x00D8, 0x0061, 0x0062, 0x0063, 0x0064, 0x0065, 0x0066, 0x0067, 0x0068, 0x0069, 0x00AB, 0x00BB, 0x00F0, 0x00FD, 0x00FE, 0x00B1,
        0x00B0, 0x006A, 0x006B, 0x006C, 0x006D, 0x006E, 0x006F, 0x0070, 0x0071, 0x0072, 0x00AA, 0x00BA, 0x00E6, 0x017E, 0x00C6, 0x20AC,
        0x00B5, 0x007E, 0x0073, 0x0074, 0x0075, 0x0076, 0x0077, 0x0078, 0x0079, 0x007A, 0x00A1, 0x00BF, 0x00D0, 0x005B, 0x00DE, 0x00AE,
        0x00A2, 0x00A3, 0x00A5, 0x00B7, 0x00A9, 0x00A7, 0x00B6, 0x0152, 0x0153, 0x0178, 0x00AC, 0x0161, 0x00AF, 0x005D, 0x017D, 0x00D7,
        0x007B, 0x0041, 0x0042, 0x0043, 0x0044, 0x0045, 0x0046, 0x0047, 0x0048, 0x0049, 0x00AD, 0x00F4, 0x00F6, 0x00F2, 0x00F3, 0x00F5,
        0x007D, 0x004A, 0x004B, 0x004C, 0x004D, 0x004E, 0x004F, 0x0050, 0x0051, 0x0052, 0x00B9, 0x00FB, 0x00FC, 0x00F9, 0x00FA, 0x00FF,
        0x005C, 0x00F7, 0x0053, 0x0054, 0x0055, 0x0056, 0x0057, 0x0058, 0x0059, 0x005A, 0x00B2, 0x00D4, 0x00D6, 0x00D2, 0x00D3, 0x00D5,
        0x0030, 0x0031, 0x0032, 0x0033, 0x0034, 0x0035, 0x0036, 0x0037, 0x0038, 0x0039, 0x00B3, 0x00DB, 0x00DC, 0x00D9, 0x00DA, 0x009F,
      };

      // 21025 IBM1025 EBCDIC Cyrillic Serbian-Bulgarian
      constexpr unsigned short EBCDIC1025Table[256] = {
        0x0000, 0x0001, 0x0002, 0x0003, 0x009C, 0x0009, 0x0086, 0x007F, 0x0097, 0x008D, 0x008E, 0x000B, 0x000C, 0x000D, 0x000E, 0x000F,
        0x0010, 0x0011, 0x0012, 0x0013, 0x009D, 0x0085, 0x0008, 0x0087, 0x0018, 0x0019, 0x0092, 0x008F, 0x001C, 0x001D, 0x001E, 0x001F,
        0x0080, 0x0081, 0x0082, 0x0083, 0x0084, 0x000A, 0x0017, 0x001B, 0x0088, 0x0089, 0x008A, 0x008B, 0x008C, 0x0005, 0x0006, 0x0007,
        0x0090, 0x0091, 0x0016, 0x0093, 0x0094, 0x0095, 0x0096, 0x0004, 0x0098, 0x0099, 0x009A, 0x009B, 0x0014, 0x0015, 0x009E, 0x001A,
        0x0020, 0x00A0, 0x0452, 0x0453, 0x0451, 0x0454, 0x0455, 0x0456, 0x0457, 0x0458, 0x005B, 0x002E, 0x003C, 0x0028, 0x002B, 0x0021,
        0x0026, 0x0459, 0x045A, 0x045B, 0x045C, 0x045E, 0x045F, 0x042A, 0x2116, 0x0402, 0x005D, 0x0024, 0x002A, 0x0029, 0x003B, 0x005E,
        0x002D, 0x002F, 0x0403, 0x0401, 0x0404, 0x0405, 0x0406, 0x0407, 0x0408, 0x0409, 0x007C, 0x002C, 0x0025, 0x005F, 0x003E, 0x003F,
        0x040A, 0x040B, 0x040C, 0x00AD, 0x040E, 0x040F, 0x044E, 0x0430, 0x0431, 0x0060, 0x003A, 0x0023, 0x0040, 0x0027, 0x003D, 0x0022,
        0x0446, 0x0061, 0x0062, 0x0063, 0x0064, 0x0065, 0x0066, 0x0067, 0x0068, 0x0069, 0x0434, 0x0435, 0x0444, 0x0433, 0x0445, 0x0438,
        0x0439, 0x006A, 0x006B, 0x006C, 0x006D, 0x006E, 0x006F, 0x0070, 0x0071, 0x0072, 0x043A, 0x043B, 0x043C, 0x043D, 0x043E, 0x043F,
        0x044F, 0x007E, 0x0073, 0x0074, 0x0075, 0x0076, 0x0077, 0x0078, 0x0079, 0x007A, 0x0440, 0x0441, 0x0442, 0x0443, 0x0436, 0x0432,
        0x044C, 0x044B, 0x0437, 0x0448, 0x044D, 0x0449, 0x0447, 0x044A, 0x042E, 0x0410, 0x0411, 0x0426, 0x0414, 0x0415, 0x0424, 0x0413,
        0x007B, 0x0041, 0x0042, 0x0043, 0x0044, 0x0045, 0x0046, 0x0047, 0x0048, 0x0049, 0x0425, 0x0418, 0x0419, 0x041A, 0x041B, 0x041C,
        0x007D, 0x004A, 0x004B, 0x004C, 0x004D, 0x004E, 0x004F, 0x0050, 0x0051, 0x0052, 0x041D, 0x041E, 0x041F, 0x042F, 0x0420, 0x0421,
        0x005C, 0x00A7, 0x0053, 0x0054, 0x0055, 0x0056, 0x0057, 0x0058, 0x0059, 0x005A, 0x0422, 0x0423, 0x0416, 0x0412, 0x042C, 0x042B,
        0x0030, 0x0031, 0x0032, 0x0033, 0x0034, 0x0035, 0x0036, 0x0037, 0x0038, 0x0039, 0x0417, 0x0428, 0x042D, 0x0429, 0x0427, 0x009F,
      };

      // 21866 KOI8-U
      constexpr unsigned short KOI8UTable[256] = {
        0x0000, 0x0001, 0x0002, 0x0003, 0x0004, 0x0005, 0x0006, 0x0007, 0x0008, 0x0009, 0x000A, 0x000B, 0x000C, 0x000D, 0x000E, 0x000F,
        0x0010, 0x0011, 0x0012, 0x0013, 0x0014, 0x0015, 0x0016, 0x0017, 0x0018, 0x0019, 0x001A, 0x001B, 0x001C, 0x001D, 0x001E, 0x001F,
        0x0020, 0x0021, 0x0022, 0x0023, 0x0024, 0x0025, 0x0026, 0x0027, 0x0028, 0x0029, 0x002A, 0x002B, 0x002C, 0x002D, 0x002E, 0x002F,
        0x0030, 0x0031, 0x0032, 0x0033, 0x0034, 0x0035, 0x0036, 0x0037, 0x0038, 0x0039, 0x003A, 0x003B, 0x003C, 0x003D, 0x003E, 0x003F,
        0x0040, 0x0041, 0x0042, 0x0043, 0x0044, 0x0045, 0x0046, 0x0047, 0x0048, 0x0049, 0x004A, 0x004B, 0x004C, 0x004D, 0x004E, 0x004F,
        0x0050, 0x0051, 0x0052, 0x0053, 0x0054, 0x0055, 0x0056, 0x0057, 0x0058, 0x0059, 0x005A, 0x005B, 0x005C, 0x005D, 0x005E, 0x005F,
        0x0060, 0x0061, 0x0062, 0x0063, 0x0064, 0x0065, 0x0066, 0x0067, 0x0068, 0x0069, 0x006A, 0x006B, 0x006C, 0x006D, 0x006E, 0x006F,
        0x0070, 0x0071, 0x0072, 0x0073, 0x0074, 0x0075, 0x0076, 0x0077, 0x0078, 0x0079, 0x007A, 0x007B, 0x007C, 0x007D, 0x007E, 0x007F,
        0x2500, 0x2502, 0x250C, 0x2510, 0x2514, 0x2518, 0x251C, 0x2524, 0x252C, 0x2534, 0x253C, 0x2580, 0x2584, 0x2588, 0x258C, 0x2590,
        0x2591, 0x2592, 0x2593, 0x2320, 0x25A0, 0x2219, 0x221A, 0x2248, 0x2264, 0x2265, 0x00A0, 0x2321, 0x00B0, 0x00B2, 0x00B7, 0x00F7,
        0x2550, 0x2551, 0x2552, 0x0451, 0x0454, 0x2554, 0x0456, 0x0457, 0x2557, 0x2558, 0x2559, 0x255A, 0x255B, 0x0491, 0x255D, 0x255E,
        0x255F, 0x2560, 0x2561, 0x0401, 0x0404, 0x2563, 0x0406, 0x0407, 0x2566, 0x2567, 0x2568, 0x2569, 0x256A, 0x0490, 0x256C, 0x00A9,
        0x044E, 0x0430, 0x0431, 0x0446, 0x0434, 0x0435, 0x0444, 0x0433, 0x0445, 0x0438, 0x0439, 0x043A, 0x043B, 0x043C, 0x043D, 0x043E,
        0x043F, 0x044F, 0x0440, 0x0441, 0x0442, 0x0443, 0x0436, 0x0432, 0x044C, 0x044B, 0x0437, 0x0448, 0x044D, 0x0449, 0x0447, 0x044A,
        0x042E, 0x0410, 0x0411, 0x0426, 0x0414, 0x0415, 0x0424, 0x0413, 0x0425, 0x0418, 0x0419, 0x041A, 0x041B, 0x041C, 0x041D, 0x041E,
        0x041F, 0x042F, 0x0420, 0x0421, 0x0422, 0x0423, 0x0416, 0x0412, 0x042C, 0x042B, 0x0417, 0x0428, 0x042D, 0x0429, 0x0427, 0x042A,
      };

      // 28591 ISO 8859-1
      constexpr unsigned short Latin1Table[256] = {
        0x0000, 0x0001, 0x0002, 0x0003, 0x0004, 0x0005, 0x0006, 0x0007, 0x0008, 0x0009, 0x000A, 0x000B, 0x000C, 0x000D, 0x000E, 0x000F,
        0x0010, 0x0011, 0x0012, 0x0013, 0x0014, 0x0015, 0x0016, 0x0017, 0x0018, 0x0019, 0x001A, 0x001B, 0x001C, 0x001D, 0x001E, 0x001F,
        0x0020, 0x0021, 0x0022, 0x0023, 0x0024, 0x0025, 0x0026, 0x0027, 0x0028, 0x0029, 0x002A, 0x002B, 0x002C, 0x002D, 0x002E, 0x002F,
        0x0030, 0x0031, 0x0032, 0x0033, 0x0034, 0x0035, 0x0036, 0x0037, 0x0038, 0x0039, 0x003A, 0x003B, 0x003C, 0x003D, 0x003E, 0x003F,
        0x0040, 0x0041, 0x0042, 0x0043, 0x0044, 0x0045, 0x0046, 0x0047, 0x0048, 0x0049, 0x004A, 0x004B, 0x004C, 0x004D, 0x004E, 0x004F,
        0x0050, 0x0051, 0x0052, 0x0053, 0x0054, 0x0055, 0x0056, 0x0057, 0x0058, 0x0059, 0x005A, 0x005B, 0x005C, 0x005D, 0x005E, 0x005F,
        0x0060, 0x0061, 0x0062, 0x0063, 0x0064, 0x0065, 0x0066, 0x0067, 0x0068, 0x0069, 0x006A, 0x006B, 0x006C, 0x006D, 0x006E, 0x006F,
        0x0070, 0x0071, 0x0072, 0x0073, 0x0074, 0x0075, 0x0076, 0x0077, 0x0078, 0x0079, 0x007A, 0x007B, 0x007C, 0x007D, 0x007E, 0x007F,
        0x0080, 0x0081, 0x0082, 0x0083, 0x0084, 0x0085, 0x0086, 0x0087, 0x0088, 0x0089, 0x008A, 0x008B, 0x008C, 0x008D, 0x008E, 0x008F,
        0x0090, 0x0091, 0x0092, 0x0093, 0x0094, 0x0095, 0x0096, 0x0097, 0x0098, 0x0099, 0x009A, 0x009B, 0x009C, 0x009D, 0x009E, 0x009F,
        0x00A0, 0x00A1, 0x00A2, 0x00A3, 0x00A4, 0x00A5, 0x00A6, 0x00A7, 0x00A8, 0x00A9, 0x00AA, 0x00AB, 0x00AC, 0x00AD, 0x00AE, 0x00AF,
        0x00B0, 0x00B1, 0x00B2, 0x00B3, 0x00B4, 0x00B5, 0x00B6, 0x00B7, 0x00B8, 0x00B9, 0x00BA, 0x00BB, 0x00BC, 0x00BD, 0x00BE, 0x00BF,
        0x00C0, 0x00C1, 0x00C2, 0x00C3, 0x00C4, 0x00C5, 0x00C6, 0x00C7, 0x00C8, 0x00C9, 0x00CA, 0x00CB, 0x00CC, 0x00CD, 0x00CE, 0x00CF,
        0x00D0, 0x00D1, 0x00D2, 0x00D3, 0x00D4, 0x00D5, 0x00D6, 0x00D7, 0x00D8, 0x00D9, 0x00DA, 0x00DB, 0x00DC, 0x00DD, 0x00DE, 0x00DF,
        0x00E0, 0x00E1, 0x00E2, 0x00E3, 0x00E4, 0x00E5, 0x00E6, 0x00E7, 0x00E8, 0x00E9, 0x00EA, 0x00EB, 0x00EC, 0x00ED, 0x00EE, 0x00EF,
        0x00F0, 0x00F1, 0x00F2, 0x00F3, 0x00F4, 0x00F5, 0x00F6, 0x00F7, 0x00F8, 0x00F9, 0x00FA, 0x00FB, 0x00FC, 0x00FD, 0x00FE, 0x00FF,
      };

      // 28592 ISO 8859-2
      constexpr unsigned short Latin2Table[256] = {
        0x0000, 0x0001, 0x0002, 0x0003, 0x0004, 0x0005, 0x0006, 0x0007, 0x0008, 0x0009, 0x000A, 0x000B, 0x000C, 0x000D, 0x000E, 0x000F,
        0x0010, 0x0011, 0x0012, 0x0013, 0x0014, 0x0015, 0x0016, 0x0017, 0x0018, 0x0019, 0x001A, 0x001B, 0x001C, 0x001D, 0x001E, 0x001F,
        0x0020, 0x0021, 0x0022, 0x0023, 0x0024, 0x0025, 0x0026, 0x0027, 0x0028, 0x0029, 0x002A, 0x002B, 0x002C, 0x002D, 0x002E, 0x002F,
        0x0030, 0x0031, 0x0032, 0x0033, 0x0034, 0x0035, 0x0036, 0x0037, 0x0038, 0x0039, 0x003A, 0x003B, 0x003C, 0x003D, 0x003E, 0x003F,
        0x0040, 0x0041, 0x0042, 0x0043, 0x0044, 0x0045, 0x0046, 0x0047, 0x0048, 0x0049, 0x004A, 0x004B, 0x004C, 0x004D, 0x004E, 0x004F,
        0x0050, 0x0051, 0x0052, 0x0053, 0x0054, 0x0055, 0x0056, 0x0057, 0x0058, 0x0059, 0x005A, 0x005B, 0x005C, 0x005D, 0x005E, 0x005F,
        0x0060, 0x0061, 0x0062, 0x0063, 0x0064, 0x0065, 0x0066, 0x0067, 0x0068, 0x0069, 0x006A, 0x006B, 0x006C, 0x006D, 0x006E, 0x006F,
        0x0070, 0x0071, 0x0072, 0x0073, 0x0074, 0x0075, 0x0076, 0x0077, 0x0078, 0x0079, 0x007A, 0x007B, 0x007C, 0x007D, 0x007E, 0x007F,
        0x0080, 0x0081, 0x0082, 0x0083, 0x0084, 0x0085, 0x0086, 0x0087, 0x0088, 0x0089, 0x008A, 0x008B, 0x008C, 0x008D, 0x008E, 0x008F,
        0x0090, 0x0091, 0x0092, 0x0093, 0x0094, 0x0095, 0x0096, 0x0097, 0x0098, 0x0099, 0x009A, 0x009B, 0x009C, 0x009D, 0x009E, 0x009F,
        0x00A0, 0x0104, 0x02D8, 0x0141, 0x00A4, 0x013D, 0x015A, 0x00A7, 0x00A8, 0x0160, 0x015E, 0x0164, 0x0179, 0x00AD, 0x017D, 0x017B,
        0x00B0, 0x0105, 0x02DB, 0x0142, 0x00B4, 0x013E, 0x015B, 0x02C7, 0x00B8, 0x0161, 0x015F, 0x0165, 0x017A, 0x02DD, 0x017E, 0x017C,
        0x0154, 0x00C1, 0x00C2, 0x0102, 0x00C4, 0x0139, 0x0106, 0x00C7, 0x010C, 0x00C9, 0x0118, 0x00CB, 0x011A, 0x00CD, 0x00CE, 0x010E,
        0x0110, 0x0143, 0x0147, 0x00D3, 0x00D4, 0x0150, 0x00D6, 0x00D7, 0x0158, 0x016E, 0x00DA, 0x0170, 0x00DC, 0x00DD, 0x0162, 0x00DF,
        0x0155, 0x00E1, 0x00E2, 0x0103, 0x00E4, 0x013A, 0x0107, 0x00E7, 0x010D, 0x00E9, 0x0119, 0x00EB, 0x011B, 0x00ED, 0x00EE, 0x010F,
        0x0111, 0x0144, 0x0148, 0x00F3, 0x00F4, 0x0151, 0x00F6, 0x00F7, 0x0159, 0x016F, 0x00FA, 0x0171, 0x00FC, 0x00FD, 0x0163, 0x02D9,
      };

      // 28593 ISO 8859-3
      constexpr unsigned short Latin3Table[256] = {
        0x0000, 0x0001, 0x0002, 0x0003, 0x0004, 0x0005, 0x0006, 0x0007, 0x0008, 0x0009, 0x000A, 0x000B, 0x000C, 0x000D, 0x000E, 0x000F,
        0x0010, 0x0011, 0x0012, 0x0013, 0x0014, 0x0015, 0x0016, 0x0017, 0x0018, 0x0019, 0x001A, 0x001B, 0x001C, 0x001D, 0x001E, 0x001F,
        0x0020, 0x0021, 0x0022, 0x0023, 0x0024, 0x0025, 0x0026, 0x0027, 0x0028, 0x0029, 0x002A, 0x002B, 0x002C, 0x002D, 0x002E, 0x002F,
        0x0030, 0x0031, 0x0032, 0x0033, 0x0034, 0x0035, 0x0036, 0x0037, 0x0038, 0x0039, 0x003A, 0x003B, 0x003C, 0x003D, 0x003E, 0x003F,
        0x0040, 0x0041, 0x0042, 0x0043, 0x0044, 0x0045, 0x0046, 0x0047, 0x0048, 0x0049, 0x004A, 0x004B, 0x004C, 0x004D, 0x004E, 0x004F,
        0x0050, 0x0051, 0x0052, 0x0053, 0x0054, 0x0055, 0x0056, 0x0057, 0x0058, 0x0059, 0x005A, 0x005B, 0x005C, 0x005D, 0x005E, 0x005F,
        0x0060, 0x0061, 0x0062, 0x0063, 0x0064, 0x0065, 0x0066, 0x0067, 0x0068, 0x0069, 0x006A, 0x006B, 0x006C, 0x006D, 0x006E, 0x006F,
        0x0070, 0x0071, 0x0072, 0x0073, 0x0074, 0x0075, 0x0076, 0x0077, 0x0078, 0x0079, 0x007A, 0x007B, 0x007C, 0x007D, 0x007E, 0x007F,
        0x0080, 0x0081, 0x0082, 0x0083, 0x0084, 0x0085, 0x0086, 0x0087, 0x0088, 0x0089, 0x008A, 0x008B, 0x008C, 0x008D, 0x008E, 0x008F,
        0x0090, 0x0091, 0x0092, 0x0093, 0x0094, 0x0095, 0x0096, 0x0097, 0x0098, 0x0099, 0x009A, 0x009B, 0x009C, 0x009D, 0x009E, 0x009F,
        0x00A0, 0x0126, 0x02D8, 0x00A3, 0x00A4, 0xFFFD, 0x0124, 0x00A7, 0x00A8, 0x0130, 0x015E, 0x011E, 0x0134, 0x00AD, 0xFFFD, 0x017B,
        0x00B0, 0x0127, 0x00B2, 0x00B3, 0x00B4, 0x00B5, 0x0125, 0x00B7, 0x00B8, 0x0131, 0x015F, 0x011F, 0x0135, 0x00BD, 0xFFFD, 0x017C,
        0x00C0, 0x00C1, 0x00C2, 0xFFFD, 0x00C4, 0x010A, 0x0108, 0x00C7, 0x00C8, 0x00C9, 0x00CA, 0x00CB, 0x00CC, 0x00CD, 0x00CE, 0x00CF,
        0xFFFD, 0x00D1, 0x00D2, 0x00D3, 0x00D4, 0x0120, 0x00D6, 0x00D7, 0x011C, 0x00D9, 0x00DA, 0x00DB, 0x00DC, 0x016C, 0x015C, 0x00DF,
        0x00E0, 0x00E1, 0x00E2, 0xFFFD, 0x00E4, 0x010B, 0x0109, 0x00E7, 0x00E8, 0x00E9, 0x00EA, 0x00EB, 0x00EC, 0x00ED, 0x00EE, 0x00EF,
        0xFFFD, 0x00F1, 0x00F2, 0x00F3, 0x00F4, 0x0121, 0x00F6, 0x00F7, 0x011D, 0x00F9, 0x00FA, 0x00FB, 0x00FC, 0x016D, 0x015D, 0x02D9,
      };

      // 28594 ISO 8859-4
      constexpr unsigned short Latin4Table[256] = {
        0x0000, 0x0001, 0x0002, 0x0003, 0x0004, 0x0005, 0x0006, 0x0007, 0x0008, 0x0009, 0x000A, 0x000B, 0x000C, 0x000D, 0x000E, 0x000F,
        0x0010, 0x0011, 0x0012, 0x0013, 0x0014, 0x0015, 0x0016, 0x0017, 0x0018, 0x0019, 0x001A, 0x001B, 0x001C, 0x001D, 0x001E, 0x001F,
        0x0020, 0x0021, 0x0022, 0x0023, 0x0024, 0x0025, 0x0026, 0x0027, 0x0028, 0x0029, 0x002A, 0x002B, 0x002C, 0x002D, 0x002E, 0x002F,
        0x0030, 0x0031, 0x0032, 0x0033, 0x0034, 0x0035, 0x0036, 0x0037, 0x0038, 0x0039, 0x003A, 0x003B, 0x003C, 0x003D, 0x003E, 0x003F,
        0x0040, 0x0041, 0x0042, 0x0043, 0x0044, 0x0045, 0x0046, 0x0047, 0x0048, 0x0049, 0x004A, 0x004B, 0x004C, 0x004D, 0x004E, 0x004F,
        0x0050, 0x0051, 0x0052, 0x0053, 0x0054, 0x0055, 0x0056, 0x0057, 0x0058, 0x0059, 0x005A, 0x005B, 0x005C, 0x005D, 0x005E, 0x005F,
        0x0060, 0x0061, 0x0062, 0x0063, 0x0064, 0x0065, 0x0066, 0x0067, 0x0068, 0x0069, 0x006A, 0x006B, 0x006C, 0x006D, 0x006E, 0x006F,
        0x0070, 0x0071, 0x0072, 0x0073, 0x0074, 0x0075, 0x0076, 0x0077, 0x0078, 0x0079, 0x007A, 0x007B, 0x007C, 0x007D, 0x007E, 0x007F,
        0x0080, 0x0081, 0x0082, 0x0083, 0x0084, 0x0085, 0x0086, 0x0087, 0x0088, 0x0089, 0x008A, 0x008B, 0x008C, 0x008D, 0x008E, 0x008F,
        0x0090, 0x0091, 0x0092, 0x0093, 0x0094, 0x0095, 0x0096, 0x0097, 0x0098, 0x0099, 0x009A, 0x009B, 0x009C, 0x009D, 0x009E, 0x009F,
        0x00A0, 0x0104, 0x0138, 0x0156, 0x00A4, 0x0128, 0x013B, 0x00A7, 0x00A8, 0x0160, 0x0112, 0x0122, 0x0166, 0x00AD, 0x017D, 0x00AF,
        0x00B0, 0x0105, 0x02DB, 0x0157, 0x00B4, 0x0129, 0x013C, 0x02C7, 0x00B8, 0x0161, 0x0113, 0x0123, 0x0167, 0x014A, 0x017E, 0x014B,
        0x0100, 0x00C1, 0x00C2, 0x00C3, 0x00C4, 0x00C5, 0x00C6, 0x012E, 0x010C, 0x00C9, 0x0118, 0x00CB, 0x0116, 0x00CD, 0x00CE, 0x012A,
        0x0110, 0x0145, 0x014C, 0x0136, 0x00D4, 0x00D5, 0x00D6, 0x00D7, 0x00D8, 0x0172, 0x00DA, 0x00DB, 0x00DC, 0x0168, 0x016A, 0x00DF,
        0x0101, 0x00E1, 0x00E2, 0x00E3, 0x00E4, 0x00E5, 0x00E6, 0x012F, 0x010D, 0x00E9, 0x0119, 0x00EB, 0x0117, 0x00ED, 0x00EE, 0x012B,
        0x0111, 0x0146, 0x014D, 0x0137, 0x00F4, 0x00F5, 0x00F6, 0x00F7, 0x00F8, 0x0173, 0x00FA, 0x00FB, 0x00FC, 0x0169, 0x016B, 0x02D9,
      };

      // 28595 ISO 8859-5
      constexpr unsigned short Latin5Table[256] = {
        0x0000, 0x0001, 0x0002, 0x0003, 0x0004, 0x0005, 0x0006, 0x0007, 0x0008, 0x0009, 0x000A, 0x000B, 0x000C, 0x000D, 0x000E, 0x000F,
        0x0010, 0x0011, 0x0012, 0x0013, 0x0014, 0x0015, 0x0016, 0x0017, 0x0018, 0x0019, 0x001A, 0x001B, 0x001C, 0x001D, 0x001E, 0x001F,
        0x0020, 0x0021, 0x0022, 0x0023, 0x0024, 0x0025, 0x0026, 0x0027, 0x0028, 0x0029, 0x002A, 0x002B, 0x002C, 0x002D, 0x002E, 0x002F,
        0x0030, 0x0031, 0x0032, 0x0033, 0x0034, 0x0035, 0x0036, 0x0037, 0x0038, 0x0039, 0x003A, 0x003B, 0x003C, 0x003D, 0x003E, 0x003F,
        0x0040, 0x0041, 0x0042, 0x0043, 0x0044, 0x0045, 0x0046, 0x0047, 0x0048, 0x0049, 0x004A, 0x004B, 0x004C, 0x004D, 0x004E, 0x004F,
        0x0050, 0x0051, 0x0052, 0x0053, 0x0054, 0x0055, 0x0056, 0x0057, 0x0058, 0x0059, 0x005A, 0x005B, 0x005C, 0x005D, 0x005E, 0x005F,
        0x0060, 0x0061, 0x0062, 0x0063, 0x0064, 0x0065, 0x0066, 0x0067, 0x0068, 0x0069, 0x006A, 0x006B, 0x006C, 0x006D, 0x006E, 0x006F,
        0x0070, 0x0071, 0x0072, 0x0073, 0x0074, 0x0075, 0x0076, 0x0077, 0x0078, 0x0079, 0x007A, 0x007B, 0x007C, 0x007D, 0x007E, 0x007F,
        0x0080, 0x0081, 0x0082, 0x0083, 0x0084, 0x0085, 0x0086, 0x0087, 0x0088, 0x0089, 0x008A, 0x008B, 0x008C, 0x008D, 0x008E, 0x008F,
        0x0090, 0x0091, 0x0092, 0x0093, 0x0094, 0x0095, 0x0096, 0x0097, 0x0098, 0x0099, 0x009A, 0x009B, 0x009C, 0x009D, 0x009E, 0x009F,
        0x00A0, 0x0401, 0x0402, 0x0403, 0x0404, 0x0405, 0x0406, 0x0407, 0x0408, 0x0409, 0x040A, 0x040B, 0x040C, 0x00AD, 0x040E, 0x040F,
        0x0410, 0x0411, 0x0412, 0x0413, 0x0414, 0x0415, 0x0416, 0x0417, 0x0418, 0x0419, 0x041A, 0x041B, 0x041C, 0x041D, 0x041E, 0x041F,
        0x0420, 0x0421, 0x0422, 0x0423, 0x0424, 0x0425, 0x0426, 0x0427, 0x0428, 0x0429, 0x042A, 0x042B, 0x042C, 0x042D, 0x042E, 0x042F,
        0x0430, 0x0431, 0x0432, 0x0433, 0x0434, 0x0435, 0x0436, 0x0437, 0x0438, 0x0439, 0x043A, 0x043B, 0x043C, 0x043D, 0x043E, 0x043F,
        0x0440, 0x0441, 0x0442, 0x0443, 0x0444, 0x0445, 0x0446, 0x0447, 0x0448, 0x0449, 0x044A, 0x044B, 0x044C, 0x044D, 0x044E, 0x044F,
        0x2116, 0x0451, 0x0452, 0x0453, 0x0454, 0x0455, 0x0456, 0x0457, 0x0458, 0x0459, 0x045A, 0x045B, 0x045C, 0x00A7, 0x045E, 0x045F,
      };

      // 28596 ISO 8859-6
      constexpr unsigned short Latin6Table[256] = {
        0x0000, 0x0001, 0x0002, 0x0003, 0x0004, 0x0005, 0x0006, 0x0007, 0x0008, 0x0009, 0x000A, 0x000B, 0x000C, 0x000D, 0x000E, 0x000F,
        0x0010, 0x0011, 0x0012, 0x0013, 0x0014, 0x0015, 0x0016, 0x0017, 0x0018, 0x0019, 0x001A, 0x001B, 0x001C, 0x001D, 0x001E, 0x001F,
        0x0020, 0x0021, 0x0022, 0x0023, 0x0024, 0x0025, 0x0026, 0x0027, 0x0028, 0x0029, 0x002A, 0x002B, 0x002C, 0x002D, 0x002E, 0x002F,
        0x0030, 0x0031, 0x0032, 0x0033, 0x0034, 0x0035, 0x0036, 0x0037, 0x0038, 0x0039, 0x003A, 0x003B, 0x003C, 0x003D, 0x003E, 0x003F,
        0x0040, 0x0041, 0x0042, 0x0043, 0x0044, 0x0045, 0x0046, 0x0047, 0x0048, 0x0049, 0x004A, 0x004B, 0x004C, 0x004D, 0x004E, 0x004F,
        0x0050, 0x0051, 0x0052, 0x0053, 0x0054, 0x0055, 0x0056, 0x0057, 0x0058, 0x0059, 0x005A, 0x005B, 0x005C, 0x005D, 0x005E, 0x005F,
        0x0060, 0x0061, 0x0062, 0x0063, 0x0064, 0x0065, 0x0066, 0x0067, 0x0068, 0x0069, 0x006A, 0x006B, 0x006C, 0x006D, 0x006E, 0x006F,
        0x0070, 0x0071, 0x0072, 0x0073, 0x0074, 0x0075, 0x0076, 0x0077, 0x0078, 0x0079, 0x007A, 0x007B, 0x007C, 0x007D, 0x007E, 0x007F,
        0x0080, 0x0081, 0x0082, 0x0083, 0x0084, 0x0085, 0x0086, 0x0087, 0x0088, 0x0089, 0x008A, 0x008B, 0x008C, 0x008D, 0x008E, 0x008F,
        0x0090, 0x0091, 0x0092, 0x0093, 0x0094, 0x0095, 0x0096, 0x0097, 0x0098, 0x0099, 0x009A, 0x009B, 0x009C, 0x009D, 0x009E, 0x009F,
        0x00A0, 0xFFFD, 0xFFFD, 0xFFFD, 0x00A4, 0xFFFD, 0xFFFD, 0xFFFD, 0xFFFD, 0xFFFD, 0xFFFD, 0xFFFD, 0x060C, 0x00AD, 0xFFFD, 0xFFFD,
        0xFFFD, 0xFFFD, 0xFFFD, 0xFFFD, 0xFFFD, 0xFFFD, 0xFFFD, 0xFFFD, 0xFFFD, 0xFFFD, 0xFFFD, 0x061B, 0xFFFD, 0xFFFD, 0xFFFD, 0x061F,
        0xFFFD, 0x0621, 0x0622, 0x0623, 0x0624, 0x0625, 0x0626, 0x0627, 0x0628, 0x0629, 0x062A, 0x062B, 0x062C, 0x062D, 0x062E, 0x062F,
        0x0630, 0x0631, 0x0632, 0x0633, 0x0634, 0x0635, 0x0636, 0x0637, 0x0638, 0x0639, 0x063A, 0xFFFD, 0xFFFD, 0xFFFD, 0xFFFD, 0xFFFD,
        0x0640, 0x0641, 0x0642, 0x0643, 0x0644, 0x0645, 0x0646, 0x0647, 0x0648, 0x0649, 0x064A, 0x064B, 0x064C, 0x064D, 0x064E, 0x064F,
        0x0650, 0x0651, 0x0652, 0xFFFD, 0xFFFD, 0xFFFD, 0xFFFD, 0xFFFD, 0xFFFD, 0xFFFD, 0xFFFD, 0xFFFD, 0xFFFD, 0xFFFD, 0xFFFD, 0xFFFD,
      };

      // 28597 ISO 8859-7
      constexpr unsigned short Latin7Table[256] = {
        0x0000, 0x0001, 0x0002, 0x0003, 0x0004, 0x0005, 0x0006, 0x0007, 0x0008, 0x0009, 0x000A, 0x000B, 0x000C, 0x000D, 0x000E, 0x000F,
        0x0010, 0x0011, 0x0012, 0x0013, 0x0014, 0x0015, 0x0016, 0x0017, 0x0018, 0x0019, 0x001A, 0x001B, 0x001C, 0x001D, 0x001E, 0x001F,
        0x0020, 0x0021, 0x0022, 0x0023, 0x0024, 0x0025, 0x0026, 0x0027, 0x0028, 0x0029, 0x002A, 0x002B, 0x002C, 0x002D, 0x002E, 0x002F,
        0x0030, 0x0031, 0x0032, 0x0033, 0x0034, 0x0035, 0x0036, 0x0037, 0x0038, 0x0039, 0x003A, 0x003B, 0x003C, 0x003D, 0x003E, 0x003F,
        0x0040, 0x0041, 0x0042, 0x0043, 0x0044, 0x0045, 0x0046, 0x0047, 0x0048, 0x0049, 0x004A, 0x004B, 0x004C, 0x004D, 0x004E, 0x004F,
        0x0050, 0x0051, 0x0052, 0x0053, 0x0054, 0x0055, 0x0056, 0x0057, 0x0058, 0x0059, 0x005A, 0x005B, 0x005C, 0x005D, 0x005E, 0x005F,
        0x0060, 0x0061, 0x0062, 0x0063, 0x0064, 0x0065, 0x0066, 0x0067, 0x0068, 0x0069, 0x006A, 0x006B, 0x006C, 0x006D, 0x006E, 0x006F,
        0x0070, 0x0071, 0x0072, 0x0073, 0x0074, 0x0075, 0x0076, 0x0077, 0x0078, 0x0079, 0x007A, 0x007B, 0x007C, 0x007D, 0x007E, 0x007F,
        0x0080, 0x0081, 0x0082, 0x0083, 0x0084, 0x0085, 0x0086, 0x0087, 0x0088, 0x0089, 0x008A, 0x008B, 0x008C, 0x008D, 0x008E, 0x008F,
        0x0090, 0x0091, 0x0092, 0x0093, 0x0094, 0x0095, 0x0096, 0x0097, 0x0098, 0x0099, 0x009A, 0x009B, 0x009C, 0x009D, 0x009E, 0x009F,
        0x00A0, 0x2018, 0x2019, 0x00A3, 0x20AC, 0x20AF, 0x00A6, 0x00A7, 0x00A8, 0x00A9, 0x037A, 0x00AB, 0x00AC, 0x00AD, 0xFFFD, 0x2015,
        0x00B0, 0x00B1, 0x00B2, 0x00B3, 0x0384, 0x0385, 0x0386, 0x00B7, 0x0388, 0x0389, 0x038A, 0x00BB, 0x038C, 0x00BD, 0x038E, 0x038F,
        0x0390, 0x0391, 0x0392, 0x0393, 0x0394, 0x0395, 0x0396, 0x0397, 0x0398, 0x0399, 0x039A, 0x039B, 0x039C, 0x039D, 0x039E, 0x039F,
        0x03A0, 0x03A1, 0xFFFD, 0x03A3, 0x03A4, 0x03A5, 0x03A6, 0x03A7, 0x03A8, 0x03A9, 0x03AA, 0x03AB, 0x03AC, 0x03AD, 0x03AE, 0x03AF,
        0x03B0, 0x03B1, 0x03B2, 0x03B3, 0x03B4, 0x03B5, 0x03B6, 0x03B7, 0x03B8, 0x03B9, 0x03BA, 0x03BB, 0x03BC, 0x03BD, 0x03BE, 0x03BF,
        0x03C0, 0x03C1, 0x03C2, 0x03C3, 0x03C4, 0x03C5, 0x03C6, 0x03C7, 0x03C8, 0x03C9, 0x03CA, 0x03CB, 0x03CC, 0x03CD, 0x03CE, 0xFFFD,
      };

      // 28598 ISO 8859-8 Hebrew (logical)
      constexpr unsigned short Latin8Table[256] = {
        0x0000, 0x0001, 0x0002, 0x0003, 0x0004, 0x0005, 0x0006, 0x0007, 0x0008, 0x0009, 0x000A, 0x000B, 0x000C, 0x000D, 0x000E, 0x000F,
        0x0010, 0x0011, 0x0012, 0x0013, 0x0014, 0x0015, 0x0016, 0x0017, 0x0018, 0x0019, 0x001A, 0x001B, 0x001C, 0x001D, 0x001E, 0x001F,
        0x0020, 0x0021, 0x0022, 0x0023, 0x0024, 0x0025, 0x0026, 0x0027, 0x0028, 0x0029, 0x002A, 0x002B, 0x002C, 0x002D, 0x002E, 0x002F,
        0x0030, 0x0031, 0x0032, 0x0033, 0x0034, 0x0035, 0x0036, 0x0037, 0x0038, 0x0039, 0x003A, 0x003B, 0x003C, 0x003D, 0x003E, 0x003F,
        0x0040, 0x0041, 0x0042, 0x0043, 0x0044, 0x0045, 0x0046, 0x0047, 0x0048, 0x0049, 0x004A, 0x004B, 0x004C, 0x004D, 0x004E, 0x004F,
        0x0050, 0x0051, 0x0052, 0x0053, 0x0054, 0x0055, 0x0056, 0x0057, 0x0058, 0x0059, 0x005A, 0x005B, 0x005C, 0x005D, 0x005E, 0x005F,
        0x0060, 0x0061, 0x0062, 0x0063, 0x0064, 0x0065, 0x0066, 0x0067, 0x0068, 0x0069, 0x006A, 0x006B, 0x006C, 0x006D, 0x006E, 0x006F,
        0x0070, 0x0071, 0x0072, 0x0073, 0x0074, 0x0075, 0x0076, 0x0077, 0x0078, 0x0079, 0x007A, 0x007B, 0x007C, 0x007D, 0x007E, 0x007F,
        0x0080, 0x0081, 0x0082, 0x0083, 0x0084, 0x0085, 0x0086, 0x0087, 0x0088, 0x0089, 0x008A, 0x008B, 0x008C, 0x008D, 0x008E, 0x008F,
        0x0090, 0x0091, 0x0092, 0x0093, 0x0094, 0x0095, 0x0096, 0x0097, 0x0098, 0x0099, 0x009A, 0x009B, 0x009C, 0x009D, 0x009E, 0x009F,
        0x00A0, 0xFFFD, 0x00A2, 0x00A3, 0x00A4, 0x00A5, 0x00A6, 0x00A7, 0x00A8, 0x00A9, 0x00D7, 0x00AB, 0x00AC, 0x00AD, 0x00AE, 0x00AF,
        0x00B0, 0x00B1, 0x00B2, 0x00B3, 0x00B4, 0x00B5, 0x00B6, 0x00B7, 0x00B8, 0x00B9, 0x00F7, 0x00BB, 0x00BC, 0x00BD, 0x00BE, 0xFFFD,
        0xFFFD, 0xFFFD, 0xFFFD, 0xFFFD, 0xFFFD, 0xFFFD, 0xFFFD, 0xFFFD, 0xFFFD, 0xFFFD, 0xFFFD, 0xFFFD, 0xFFFD, 0xFFFD, 0xFFFD, 0xFFFD,
        0xFFFD, 0xFFFD, 0xFFFD, 0xFFFD, 0xFFFD, 0xFFFD, 0xFFFD, 0xFFFD, 0xFFFD, 0xFFFD, 0xFFFD, 0xFFFD, 0xFFFD, 0xFFFD, 0xFFFD, 0x2017,
        0x05D0, 0x05D1, 0x05D2, 0x05D3, 0x05D4, 0x05D5, 0x05D6, 0x05D7, 0x05D8, 0x05D9, 0x05DA, 0x05DB, 0x05DC, 0x05DD, 0x05DE, 0x05DF,
        0x05E0, 0x05E1, 0x05E2, 0x05E3, 0x05E4, 0x05E5, 0x05E6, 0x05E7, 0x05E8, 0x05E9, 0x05EA, 0xFFFD, 0xFFFD, 0x200E, 0x200F, 0xFFFD,
      };

      // 28599 ISO 8859-9
      constexpr unsigned short Latin9Table[256] = {
        0x0000, 0x0001, 0x0002, 0x0003, 0x0004, 0x0005, 0x0006, 0x0007, 0x0008, 0x0009, 0x000A, 0x000B, 0x000C, 0x000D, 0x000E, 0x000F,
        0x0010, 0x0011, 0x0012, 0x0013, 0x0014, 0x0015, 0x0016, 0x0017, 0x0018, 0x0019, 0x001A, 0x001B, 0x001C, 0x001D, 0x001E, 0x001F,
        0x0020, 0x0021, 0x0022, 0x0023, 0x0024, 0x0025, 0x0026, 0x0027, 0x0028, 0x0029, 0x002A, 0x002B, 0x002C, 0x002D, 0x002E, 0x002F,
        0x0030, 0x0031, 0x0032, 0x0033, 0x0034, 0x0035, 0x0036, 0x0037, 0x0038, 0x0039, 0x003A, 0x003B, 0x003C, 0x003D, 0x003E, 0x003F,
        0x0040, 0x0041, 0x0042, 0x0043, 0x0044, 0x0045, 0x0046, 0x0047, 0x0048, 0x0049, 0x004A, 0x004B, 0x004C, 0x004D, 0x004E, 0x004F,
        0x0050, 0x0051, 0x0052, 0x0053, 0x0054, 0x0055, 0x0056, 0x0057, 0x0058, 0x0059, 0x005A, 0x005B, 0x005C, 0x005D, 0x005E, 0x005F,
        0x0060, 0x0061, 0x0062, 0x0063, 0x0064, 0x0065, 0x0066, 0x0067, 0x0068, 0x0069, 0x006A, 0x006B, 0x006C, 0x006D, 0x006E, 0x006F,
        0x0070, 0x0071, 0x0072, 0x0073, 0x0074, 0x0075, 0x0076, 0x0077, 0x0078, 0x0079, 0x007A, 0x007B, 0x007C, 0x007D, 0x007E, 0x007F,
        0x0080, 0x0081, 0x0082, 0x0083, 0x0084, 0x0085, 0x0086, 0x0087, 0x0088, 0x0089, 0x008A, 0x008B, 0x008C, 0x008D, 0x008E, 0x008F,
        0x0090, 0x0091, 0x0092, 0x0093, 0x0094, 0x0095, 0x0096, 0x0097, 0x0098, 0x0099, 0x009A, 0x009B, 0x009C, 0x009D, 0x009E, 0x009F,
        0x00A0, 0x00A1, 0x00A2, 0x00A3, 0x00A4, 0x00A5, 0x00A6, 0x00A7, 0x00A8, 0x00A9, 0x00AA, 0x00AB, 0x00AC, 0x00AD, 0x00AE, 0x00AF,
        0x00B0, 0x00B1, 0x00B2, 0x00B3, 0x00B4, 0x00B5, 0x00B6, 0x00B7, 0x00B8, 0x00B9, 0x00BA, 0x00BB, 0x00BC, 0x00BD, 0x00BE, 0x00BF,
        0x00C0, 0x00C1, 0x00C2, 0x00C3, 0x00C4, 0x00C5, 0x00C6, 0x00C7, 0x00C8, 0x00C9, 0x00CA, 0x00CB, 0x00CC, 0x00CD, 0x00CE, 0x00CF,
        0x011E, 0x00D1, 0x00D2, 0x00D3, 0x00D4, 0x00D5, 0x00D6, 0x00D7, 0x00D8, 0x00D9, 0x00DA, 0x00DB, 0x00DC, 0x0130, 0x015E, 0x00DF,
        0x00E0, 0x00E1, 0x00E2, 0x00E3, 0x00E4, 0x00E5, 0x00E6, 0x00E7, 0x00E8, 0x00E9, 0x00EA, 0x00EB, 0x00EC, 0x00ED, 0x00EE, 0x00EF,
        0x011F, 0x00F1, 0x00F2, 0x00F3, 0x00F4, 0x00F5, 0x00F6, 0x00F7, 0x00F8, 0x00F9, 0x00FA, 0x00FB, 0x00FC, 0x0131, 0x015F, 0x00FF,
      };

      // 28603 ISO 8859-13
      constexpr unsigned short Latin13Table[256] = {
        0x0000, 0x0001, 0x0002, 0x0003, 0x0004, 0x0005, 0x0006, 0x0007, 0x0008, 0x0009, 0x000A, 0x000B, 0x000C, 0x000D, 0x000E, 0x000F,
        0x0010, 0x0011, 0x0012, 0x0013, 0x0014, 0x0015, 0x0016, 0x0017, 0x0018, 0x0019, 0x001A, 0x001B, 0x001C, 0x001D, 0x001E, 0x001F,
        0x0020, 0x0021, 0x0022, 0x0023, 0x0024, 0x0025, 0x0026, 0x0027, 0x0028, 0x0029, 0x002A, 0x002B, 0x002C, 0x002D, 0x002E, 0x002F,
        0x0030, 0x0031, 0x0032, 0x0033, 0x0034, 0x0035, 0x0036, 0x0037, 0x0038, 0x0039, 0x003A, 0x003B, 0x003C, 0x003D, 0x003E, 0x003F,
        0x0040, 0x0041, 0x0042, 0x0043, 0x0044, 0x0045, 0x0046, 0x0047, 0x0048, 0x0049, 0x004A, 0x004B, 0x004C, 0x004D, 0x004E, 0x004F,
        0x0050, 0x0051, 0x0052, 0x0053, 0x0054, 0x0055, 0x0056, 0x0057, 0x0058, 0x0059, 0x005A, 0x005B, 0x005C, 0x005D, 0x005E, 0x005F,
        0x0060, 0x0061, 0x0062, 0x0063, 0x0064, 0x0065, 0x0066, 0x0067, 0x0068, 0x0069, 0x006A, 0x006B, 0x006C, 0x006D, 0x006E, 0x006F,
        0x0070, 0x0071, 0x0072, 0x0073, 0x0074, 0x0075, 0x0076, 0x0077, 0x0078, 0x0079, 0x007A, 0x007B, 0x007C, 0x007D, 0x007E, 0x007F,
        0x0080, 0x0081, 0x0082, 0x0083, 0x0084, 0x0085, 0x0086, 0x0087, 0x0088, 0x0089, 0x008A, 0x008B, 0x008C, 0x008D, 0x008E, 0x008F,
        0x0090, 0x0091, 0x0092, 0x0093, 0x0094, 0x0095, 0x0096, 0x0097, 0x0098, 0x0099, 0x009A, 0x009B, 0x009C, 0x009D, 0x009E, 0x009F,
        0x00A0, 0x201D, 0x00A2, 0x00A3, 0x00A4, 0x201E, 0x00A6, 0x00A7, 0x00D8, 0x00A9, 0x0156, 0x00AB, 0x00AC, 0x00AD, 0x00AE, 0x00C6,
        0x00B0, 0x00B1, 0x00B2, 0x00B3, 0x201C, 0x00B5, 0x00B6, 0x00B7, 0x00F8, 0x00B9, 0x0157, 0x00BB, 0x00BC, 0x00BD, 0x00BE, 0x00E6,
        0x0104, 0x012E, 0x0100, 0x0106, 0x00C4, 0x00C5, 0x0118, 0x0112, 0x010C, 0x00C9, 0x0179, 0x0116, 0x0122, 0x0136, 0x012A, 0x013B,
        0x0160, 0x0143, 0x0145, 0x00D3, 0x014C, 0x00D5, 0x00D6, 0x00D7, 0x0172, 0x0141, 0x015A, 0x016A, 0x00DC, 0x017B, 0x017D, 0x00DF,
        0x0105, 0x012F, 0x0101, 0x0107, 0x00E4, 0x00E5, 0x0119, 0x0113, 0x010D, 0x00E9, 0x017A, 0x0117, 0x0123, 0x0137, 0x012B, 0x013C,
        0x0161, 0x0144, 0x0146, 0x00F3, 0x014D, 0x00F5, 0x00F6, 0x00F7, 0x0173, 0x0142, 0x015B, 0x016B, 0x00FC, 0x017C, 0x017E, 0x2019,
      };

      // 28605 ISO 8859-15
      constexpr unsigned short Latin15Table[256] = {
        0x0000, 0x0001, 0x0002, 0x0003, 0x0004, 0x0005, 0x0006, 0x0007, 0x0008, 0x0009, 0x000A, 0x000B, 0x000C, 0x000D, 0x000E, 0x000F,
        0x0010, 0x0011, 0x0012, 0x0013, 0x0014, 0x0015, 0x0016, 0x0017, 0x0018, 0x0019, 0x001A, 0x001B, 0x001C, 0x001D, 0x001E, 0x001F,
        0x0020, 0x0021, 0x0022, 0x0023, 0x0024, 0x0025, 0x0026, 0x0027, 0x0028, 0x0029, 0x002A, 0x002B, 0x002C, 0x002D, 0x002E, 0x002F,
        0x0030, 0x0031, 0x0032, 0x0033, 0x0034, 0x0035, 0x0036, 0x0037, 0x0038, 0x0039, 0x003A, 0x003B, 0x003C, 0x003D, 0x003E, 0x003F,
        0x0040, 0x0041, 0x0042, 0x0043, 0x0044, 0x0045, 0x0046, 0x0047, 0x0048, 0x0049, 0x004A, 0x004B, 0x004C, 0x004D, 0x004E, 0x004F,
        0x0050, 0x0051, 0x0052, 0x0053, 0x0054, 0x0055, 0x0056, 0x0057, 0x0058, 0x0059, 0x005A, 0x005B, 0x005C, 0x005D, 0x005E, 0x005F,
        0x0060, 0x0061, 0x0062, 0x0063, 0x0064, 0x0065, 0x0066, 0x0067, 0x0068, 0x0069, 0x006A, 0x006B, 0x006C, 0x006D, 0x006E, 0x006F,
        0x0070, 0x0071, 0x0072, 0x0073, 0x0074, 0x0075, 0x0076, 0x0077, 0x0078, 0x0079, 0x007A, 0x007B, 0x007C, 0x007D, 0x007E, 0x007F,
        0x0080, 0x0081, 0x0082, 0x0083, 0x0084, 0x0085, 0x0086, 0x0087, 0x0088, 0x0089, 0x008A, 0x008B, 0x008C, 0x008D, 0x008E, 0x008F,
        0x0090, 0x0091, 0x0092, 0x0093, 0x0094, 0x0095, 0x0096, 0x0097, 0x0098, 0x0099, 0x009A, 0x009B, 0x009C, 0x009D, 0x009E, 0x009F,
        0x00A0, 0x00A1, 0x00A2, 0x00A3, 0x20AC, 0x00A5, 0x0160, 0x00A7, 0x0161, 0x00A9, 0x00AA, 0x00AB, 0x00AC, 0x00AD, 0x00AE, 0x00AF,
        0x00B0, 0x00B1, 0x00B2, 0x00B3, 0x017D, 0x00B5, 0x00B6, 0x00B7, 0x017E, 0x00B9, 0x00BA, 0x00BB, 0x0152, 0x0153, 0x0178, 0x00BF,
        0x00C0, 0x00C1, 0x00C2, 0x00C3, 0x00C4, 0x00C5, 0x00C6, 0x00C7, 0x00C8, 0x00C9, 0x00CA, 0x00CB, 0x00CC, 0x00CD, 0x00CE, 0x00CF,
        0x00D0, 0x00D1, 0x00D2, 0x00D3, 0x00D4, 0x00D5, 0x00D6, 0x00D7, 0x00D8, 0x00D9, 0x00DA, 0x00DB, 0x00DC, 0x00DD, 0x00DE, 0x00DF,
        0x00E0, 0x00E1, 0x00E2, 0x00E3, 0x00E4, 0x00E5, 0x00E6, 0x00E7, 0x00E8, 0x00E9, 0x00EA, 0x00EB, 0x00EC, 0x00ED, 0x00EE, 0x00EF,
        0x00F0, 0x00F1, 0x00F2, 0x00F3, 0x00F4, 0x00F5, 0x00F6, 0x00F7, 0x00F8, 0x00F9, 0x00FA, 0x00FB, 0x00FC, 0x00FD, 0x00FE, 0x00FF,
      };

      constexpr CodePageEntry codePageTable[] = {
        { Type::EBCDIC037, 37, "IBM EBCDIC US-Canada", EBCDIC037Table },
        { Type::OEM437, 437, "IBM437 OEM US", OEM437Table },
        { Type::EBCDIC500, 500, "IBM EBCDIC International", EBCDIC500Table },
        { Type::OEM708, 708, "ASMO-708 Arabic", OEM708Table },
        { Type::OEM720, 720, "DOS-720 Arabic", OEM720Table },
        { Type::OEM737, 737, "IBM737 OEM Greek", OEM737Table },
        { Type::OEM775, 775, "IBM775 OEM Baltic", OEM775Table },
        { Type::OEM850, 850, "IBM850 OEM Latin 1", OEM850Table },
        { Type::OEM852, 852, "IBM852 OEM Latin 2", OEM852Table },
        { Type::OEM855, 855, "IBM855 OEM Cyrillic", OEM855Table },
        { Type::OEM857, 857, "IBM857 OEM Turkish", OEM857Table },
        { Type::OEM858, 858, "IBM858 OEM Latin 1 with Euro", OEM858Table },
        { Type::OEM860, 860, "IBM860 OEM Portuguese", OEM860Table },
        { Type::OEM861, 861, "IBM861 OEM Icelandic", OEM861Table },
        { Type::OEM862, 862, "DOS-862 OEM Hebrew", OEM862Table },
        { Type::OEM863, 863, "IBM863 OEM French Canadian", OEM863Table },
        { Type::OEM864, 864, "IBM864 OEM Arabic", OEM864Table },
        { Type::OEM865, 865, "IBM865 OEM Nordic", OEM865Table },
        { Type::OEM866, 866, "IBM866 OEM Russian", OEM866Table },
        { Type::OEM869, 869, "IBM869 OEM Modern Greek", OEM869Table },
        { Type::Thai874, 874, "Thai (Windows-874)", Thai874Table },
        { Type::OEM875, 875, "IBM875 IBM EBCDIC Greek", OEM875Table },
        { Type::EBCDIC1026, 1026, "IBM1026 EBCDIC Turkish", EBCDIC1026Table },
        { Type::EBCDIC1047, 1047, "IBM1047 EBCDIC Latin 1/Open System", EBCDIC1047Table },
        { Type::EBCDIC1140, 1140, "IBM037 EBCDIC US-Canada with Euro", EBCDIC1140Table },
        { Type::EBCDIC1141, 1141, "IBM273 EBCDIC Germany with Euro", EBCDIC1141Table },
        { Type::EBCDIC1142, 1142, "IBM277 EBCDIC Denmark-Norway with Euro", EBCDIC1142Table },
        { Type::EBCDIC1143, 1143, "IBM278 EBCDIC Finland-Sweden with Euro", EBCDIC1143Table },
        { Type::EBCDIC1144, 1144, "IBM280 EBCDIC Italy with Euro", EBCDIC1144Table },
        { Type::EBCDIC1145, 1145, "IBM284 EBCDIC Latin America-Spain with Euro", EBCDIC1145Table },
        { Type::EBCDIC1146, 1146, "IBM285 EBCDIC UK with Euro", EBCDIC1146Table },
        { Type::EBCDIC1147, 1147, "IBM297 EBCDIC France with Euro", EBCDIC1147Table },
        { Type::EBCDIC1148, 1148, "IBM500 EBCDIC International with Euro", EBCDIC1148Table },
        { Type::EBCDIC1149, 1149, "IBM871 EBCDIC Icelandic with Euro", EBCDIC1149Table },
        { Type::Windows1250, 1250, "Windows-1250 Central European", Windows1250Table },
        { Type::Windows1251, 1251, "Windows-1251 Cyrillic", Windows1251Table },
        { Type::Windows1252, 1252, "Windows-1252 Western European", Windows1252Table },
        { Type::Windows1253, 1253, "Windows-1253 Greek", Windows1253Table },
        { Type::Windows1254, 1254, "Windows-1254 Turkish", Windows1254Table },
        { Type::Windows1255, 1255, "Windows-1255 Hebrew", Windows1255Table },
        { Type::Windows1256, 1256, "Windows-1256 Arabic", Windows1256Table },
        { Type::Windows1257, 1257, "Windows-1257 Baltic", Windows1257Table },
        { Type::Windows1258, 1258, "Windows-1258 Vietnamese", Windows1258Table },
        { Type::MacRoman, 10000, "Macintosh Roman", MacRomanTable },
        { Type::MacCyrillic, 10007, "Macintosh Cyrillic", MacCyrillicTable },
        { Type::ASCII, 20127, "US-ASCII", ASCIITable },
        { Type::EBCDIC273, 20273, "IBM273 EBCDIC Germany", EBCDIC273Table },
        { Type::EBCDIC277, 20277, "IBM277 EBCDIC Denmark-Norway", EBCDIC277Table },
        { Type::EBCDIC278, 20278, "IBM278 EBCDIC Finland-Sweden", EBCDIC278Table },
        { Type::EBCDIC280, 20280, "IBM280 EBCDIC Italy", EBCDIC280Table },
        { Type::EBCDIC284, 20284, "IBM284 EBCDIC Latin America-Spain", EBCDIC284Table },
        { Type::EBCDIC285, 20285, "IBM285 EBCDIC United Kingdom", EBCDIC285Table },
        { Type::EBCDIC290, 20290, "IBM290 EBCDIC Japanese Katakana Extended", EBCDIC290Table },
        { Type::EBCDIC297, 20297, "IBM297 EBCDIC France", EBCDIC297Table },
        { Type::EBCDIC420, 20420, "IBM420 EBCDIC Arabic", EBCDIC420Table },
        { Type::EBCDIC423, 20423, "IBM423 EBCDIC Greek", EBCDIC423Table },
        { Type::EBCDIC424, 20424, "IBM424 EBCDIC Hebrew", EBCDIC424Table },
        { Type::KOI8R, 20866, "KOI8-R", KOI8RTable },
        { Type::EBCDIC871, 20871, "IBM871 EBCDIC Icelandic", EBCDIC871Table },
        { Type::EBCDIC20924, 20924, "IBM924 EBCDIC Latin 9 (1047 with Euro)", EBCDIC20924Table },
        { Type::EBCDIC1025, 21025, "IBM1025 EBCDIC Cyrillic Serbian-Bulgarian", EBCDIC1025Table },
        { Type::KOI8U, 21866, "KOI8-U", KOI8UTable },
        { Type::Latin1, 28591, "ISO 8859-1", Latin1Table },
        { Type::Latin2, 28592, "ISO 8859-2", Latin2Table },
        { Type::Latin3, 28593, "ISO 8859-3", Latin3Table },
        { Type::Latin4, 28594, "ISO 8859-4", Latin4Table },
        { Type::Latin5, 28595, "ISO 8859-5", Latin5Table },
        { Type::Latin6, 28596, "ISO 8859-6", Latin6Table },
        { Type::Latin7, 28597, "ISO 8859-7", Latin7Table },
        { Type::Latin8, 28598, "ISO 8859-8 Hebrew (logical)", Latin8Table },
        { Type::Latin9, 28599, "ISO 8859-9", Latin9Table },
        { Type::Latin13, 28603, "ISO 8859-13", Latin13Table },
        { Type::Latin15, 28605, "ISO 8859-15", Latin15Table },
      };

      // Every Type except UTF8 has exactly one row, in Type order.
      static_assert(
        sizeof(codePageTable) / sizeof(codePageTable[0]) + 1 == TypeCount,
        "the code page table and Charset::Type disagree");

      // Charset::entryFor() indexes this table by the numeric value of a
      // Type, so the order is not merely a convention: it is load bearing.
      static_assert([] {
        for(unsigned int i = 0; i < sizeof(codePageTable) / sizeof(codePageTable[0]); ++i) {
          if(codePageTable[i].type != static_cast<Type>(i))
            return false;
        }
        return true;
      }(), "the code page table is not in Charset::Type order");

    }  // namespace detail

    const detail::CodePageEntry *detail::codePageEntries(unsigned int *count)
    {
      *count = sizeof(detail::codePageTable) / sizeof(detail::codePageTable[0]);
      return detail::codePageTable;
    }
  }  // namespace Charset
}  // namespace TagLib
